Any;Modalitat;Posici�;Jugador;Mitjana
2003;3 BANDES;1;GARC�A;0.549
2003;3 BANDES;2;L. GONZ�LEZ;0.456
2003;3 BANDES;3;J. GELABERT;0.401
2003;3 BANDES;4;J. SELGA;0.388
2003;3 BANDES;5;VIVAS;0.388
2003;3 BANDES;6;DONADEU;0.267
2003;3 BANDES;7;J. FERN�NDEZ;0.233
2003;3 BANDES;8;V. INOCENTES;0.220
2003;3 BANDES;9;PUIG;0.200
2003;3 BANDES;10;J.M. VIAPLANA;0.198
2003;3 BANDES;11;TARES;0.183
2003;3 BANDES;12;TABERNER;0.183
2003;3 BANDES;13;J. MIR;0.159
2003;3 BANDES;14;MAGRI�A;0.153
2003;3 BANDES;15;J. CABR�;0.148
2003;3 BANDES;16;A. MART�;0.095
2004;3 BANDES;1;J. SELGA;0.495
2004;3 BANDES;2;J. GELABERT;0.415
2004;3 BANDES;3;VIVAS;0.368
2004;3 BANDES;4;L. GONZ�LEZ;0.308
2004;3 BANDES;5;P. RUIZ;0.232
2004;3 BANDES;6;J. GRAU;0.228
2004;3 BANDES;7;PUIG;0.207
2004;3 BANDES;8;J. FERN�NDEZ;0.195
2004;3 BANDES;9;V. INOCENTES;0.176
2004;3 BANDES;10;TARES;0.140
2004;3 BANDES;11;A. MART�;0.120
2005;3 BANDES;1;J. SELGA;0.424
2005;3 BANDES;2;J. GELABERT;0.388
2005;3 BANDES;3;VIVAS;0.320
2005;3 BANDES;4;X. FINA;0.319
2005;3 BANDES;5;L. GONZ�LEZ;0.283
2005;3 BANDES;6;R. COLOM;0.269
2005;3 BANDES;7;J. FERN�NDEZ;0.243
2005;3 BANDES;8;V. INOCENTES;0.236
2005;3 BANDES;9;E. LE�N;0.229
2005;3 BANDES;10;PUIG;0.228
2005;3 BANDES;11;A. BERMEJO;0.220
2005;3 BANDES;12;J.M. VIAPLANA;0.173
2005;3 BANDES;13;P. RUIZ;0.116
2005;3 BANDES;14;TARES;0.218
2005;3 BANDES;15;J. MIR;0.214
2005;3 BANDES;16;J. CABR�;0.186
2005;3 BANDES;17;TABERNER;0.174
2005;3 BANDES;18;M. GIMENO;0.120
2005;3 BANDES;19;R. FINA;0.082
2005;3 BANDES;20;A. MART�;0.070
2006;3 BANDES;1;J. GELABERT;0.336
2006;3 BANDES;2;X. FINA;0.333
2006;3 BANDES;3;J. SELGA;0.331
2006;3 BANDES;4;A. BERMEJO;0.329
2006;3 BANDES;5;L. GONZ�LEZ;0.325
2006;3 BANDES;6;PUIG;0.274
2006;3 BANDES;7;E. LE�N;0.271
2006;3 BANDES;8;J. GRAU;0.264
2006;3 BANDES;9;V. INOCENTES;0.259
2006;3 BANDES;10;J. FERN�NDEZ;0.237
2006;3 BANDES;11;R. COLOM;0.219
2006;3 BANDES;12;REAL;0.196
2006;3 BANDES;13;P. RUIZ;0.235
2006;3 BANDES;14;TARES;0.213
2006;3 BANDES;15;J. MIR;0.177
2006;3 BANDES;16;J.M. VIAPLANA;0.174
2006;3 BANDES;17;P. SERRA;0.167
2006;3 BANDES;18;M. GIMENO;0.149
2006;3 BANDES;19;J. CABR�;0.120
2006;3 BANDES;20;QUEVEDO;0.116
2007;3 BANDES;1;J. SELGA;0.453
2007;3 BANDES;2;G. GIM�NEZ;0.394
2007;3 BANDES;3;J. GELABERT;0.379
2007;3 BANDES;4;E. LE�N;0.335
2007;3 BANDES;5;L. GONZ�LEZ;0.313
2007;3 BANDES;6;M. PALAU;0.298
2007;3 BANDES;7;J. SELGAS;0.287
2007;3 BANDES;8;A. BERMEJO;0.277
2007;3 BANDES;9;X. FINA;0.253
2007;3 BANDES;10;PUIG;0.254
2007;3 BANDES;11;V. INOCENTES;0.242
2007;3 BANDES;12;R. COLOM;0.204
2007;3 BANDES;13;J. FERN�NDEZ;0.182
2007;3 BANDES;14;J. CARRASCO;0.169
2007;3 BANDES;15;M. GIMENO;0.208
2007;3 BANDES;16;REAL;0.208
2007;3 BANDES;17;BARRIENTOS;0.199
2007;3 BANDES;18;J. CABR�;0.136
2007;3 BANDES;19;QUEVEDO;0.100
2007;3 BANDES;20;A. MART�;0.074
2008;3 BANDES;1;ALBARRACIN;0.530
2008;3 BANDES;2;DURAN;0.500
2008;3 BANDES;3;L. GONZ�LEZ;0.450
2008;3 BANDES;4;A. CASTILLO;0.410
2008;3 BANDES;5;G. GIM�NEZ;0.400
2008;3 BANDES;6;C. VIDAL;0.370
2008;3 BANDES;7;R. COLOM;0.320
2008;3 BANDES;8;J. ROVIROSA;0.300
2008;3 BANDES;9;J. GRAU;0.280
2008;3 BANDES;10;VIVAS;0.274
2008;3 BANDES;11;L. GONZ�LEZ;0.272
2008;3 BANDES;12;J. GELABERT;0.271
2008;3 BANDES;13;M. PALAU;0.260
2008;3 BANDES;14;V. INOCENTES;0.240
2008;3 BANDES;15;J. SELGAS;0.140
2008;3 BANDES;16;TARES;0.220
2008;3 BANDES;17;HERN�NDEZ;0.200
2008;3 BANDES;18;J.M. VIAPLANA;0.180
2008;3 BANDES;19;BARRIENTOS;0.170
2008;3 BANDES;20;J. VALL�S;0.145
2008;3 BANDES;21;J. CABR�;0.144
2008;3 BANDES;22;J. CARRASCO;0.110
2009;3 BANDES;1;L. GONZ�LEZ;0.550
2009;3 BANDES;2;DURAN;0.460
2009;3 BANDES;3;J. SELGA;0.387
2009;3 BANDES;4;J. GELABERT;0.382
2009;3 BANDES;5;A. CASTILLO;0.377
2009;3 BANDES;6;M. PALAU;0.336
2009;3 BANDES;7;R. COLOM;0.302
2009;3 BANDES;8;E. LE�N;0.292
2009;3 BANDES;9;J. GRAU;0.281
2009;3 BANDES;10;VIVAS;0.280
2009;3 BANDES;11;J. ROVIROSA;0.271
2009;3 BANDES;12;G. GIM�NEZ;0.261
2009;3 BANDES;13;L. GONZ�LEZ;0.253
2009;3 BANDES;14;P. SERRA;0.252
2009;3 BANDES;15;HERN�NDEZ;0.231
2009;3 BANDES;16;J. SELGAS;0.228
2009;3 BANDES;17;RODR�GUEZ;0.227
2009;3 BANDES;18;SOLANES;0.225
2009;3 BANDES;19;V. INOCENTES;0.225
2009;3 BANDES;20;J. FERN�NDEZ;0.210
2009;3 BANDES;21;J. CARRASCO;0.188
2009;3 BANDES;22;BARRIENTOS;0.168
2009;3 BANDES;23;TARES;0.164
2009;3 BANDES;24;M. GIMENO;0.159
2009;3 BANDES;25;G�MEZ;0.153
2009;3 BANDES;26;J.M. VIAPLANA;0.144
2009;3 BANDES;27;A. MART�NEZ;0.144
2009;3 BANDES;28;J. CABR�;0.137
2009;3 BANDES;29;J. MIR;0.137
2009;3 BANDES;30;J. VALL�S;0.135
2009;3 BANDES;31;M. PRAT;0.132
2009;3 BANDES;32;J. ARMENGOL;0.112
2009;3 BANDES;33;NOGUER;0.085
2009;3 BANDES;34;A. MART�;0.070
2011;3 BANDES;1;R. GRAU;0.472
2011;3 BANDES;2;L. GONZ�LEZ;0.443
2011;3 BANDES;3;J. SELGA;0.415
2011;3 BANDES;4;J. GELABERT;0.406
2011;3 BANDES;5;M. PAMPLONA;0.384
2011;3 BANDES;6;A. CASTILLO;0.352
2011;3 BANDES;7;A. ALUJA;0.350
2011;3 BANDES;8;E. LE�N;0.350
2011;3 BANDES;9;G. GIM�NEZ;0.336
2011;3 BANDES;10;J. HERN�NDEZ;0.318
2011;3 BANDES;11;M. PALAU;0.315
2011;3 BANDES;12;P. SERRA;0.282
2011;3 BANDES;13;V. INOCENTES;0.259
2011;3 BANDES;14;J.M. RODR�GUEZ;0.258
2011;3 BANDES;15;L. GONZ�LEZ;0.244
2011;3 BANDES;16;X. FINA;0.234
2011;3 BANDES;17;R. JARQUE;0.233
2011;3 BANDES;18;J. FERN�NDEZ;0.229
2011;3 BANDES;19;M.L. MALLACH;0.227
2011;3 BANDES;20;F. TAR�S;0.215
2011;3 BANDES;21;F. G�MEZ;0.210
2011;3 BANDES;22;J. SELGAS;0.187
2011;3 BANDES;23;J. VALL�S;0.182
2011;3 BANDES;24;J. CABR�;0.167
2011;3 BANDES;25;A. MART�NEZ;0.164
2011;3 BANDES;26;J. MIR;0.163
2011;3 BANDES;27;J. SANZ;0.144
2011;3 BANDES;28;P. BALLESTER;0.137
2011;3 BANDES;29;S. BARRIS;0.129
2011;3 BANDES;30;M. EBR�;0.119
2011;3 BANDES;31;J. CARRASCO;0.117
2011;3 BANDES;32;M. PRAT;0.110
2012;3 BANDES;1;J. GELABERT;0.458
2012;3 BANDES;2;L. GONZ�LEZ;0.426
2012;3 BANDES;3;J. SELGA;0.384
2012;3 BANDES;4;E. LE�N;0.337
2012;3 BANDES;5;E. RODR�GUEZ;0.347
2012;3 BANDES;6;J. COMAS;0.341
2012;3 BANDES;7;A. CASTILLO;0.338
2012;3 BANDES;8;A. PORTA;0.337
2012;3 BANDES;9;G. GIM�NEZ;0.317
2012;3 BANDES;10;R. GRAU;0.304
2012;3 BANDES;11;A. BERMEJO;0.294
2012;3 BANDES;12;J. HERN�NDEZ;0.290
2012;3 BANDES;13;M. PAMPLONA;0.288
2012;3 BANDES;14;L. GONZ�LEZ;0.287
2012;3 BANDES;15;J. FERN�NDEZ;0.286
2012;3 BANDES;16;J. SELGAS;0.272
2012;3 BANDES;17;R. COLOM;0.249
2012;3 BANDES;18;F. BARCIA;0.247
2012;3 BANDES;19;A. MART�NEZ;0.242
2012;3 BANDES;20;P. SERRA;0.239
2012;3 BANDES;21;J.M. SOMS;0.231
2012;3 BANDES;22;V. INOCENTES;0.229
2012;3 BANDES;23;M.L. MALLACH;0.208
2012;3 BANDES;24;F. TAR�S;0.196
2012;3 BANDES;25;C. GIR�;0.188
2012;3 BANDES;26;J.M. VIAPLANA;0.185
2012;3 BANDES;27;M. EBR�;0.176
2012;3 BANDES;28;F. G�MEZ;0.175
2012;3 BANDES;29;M. BRUQUETAS;0.170
2012;3 BANDES;30;J. CARRASCO;0.155
2012;3 BANDES;31;M. PRAT;0.145
2012;3 BANDES;32;S. BARRIS;0.139
2012;3 BANDES;33;P. BALLESTER;0.137
2012;3 BANDES;34;J. CABR�;0.122
2012;3 BANDES;35;J. VALL�S;0.104
2013;3 BANDES;1;L. GONZ�LEZ;0.443
2013;3 BANDES;2;J. SELGA;0.425
2013;3 BANDES;3;V. HAMMER;0.399
2013;3 BANDES;4;J.F. SANTOS;0.381
2013;3 BANDES;5;J. GELABERT;0.355
2013;3 BANDES;6;M. PAMPLONA;0.337
2013;3 BANDES;7;A. CASTILLO;0.323
2013;3 BANDES;8;R. GRAU;0.302
2013;3 BANDES;9;G. GIM�NEZ;0.287
2013;3 BANDES;10;E. LE�N;0.285
2013;3 BANDES;11;J. HERN�NDEZ;0.274
2013;3 BANDES;12;J. COMAS;0.268
2013;3 BANDES;13;I. L�PEZ;0.229
2013;3 BANDES;14;X. FINA;0.221
2013;3 BANDES;15;J. FERN�NDEZ;0.214
2013;3 BANDES;16;J. SELGAS;0.214
2013;3 BANDES;17;J.M. SOMS;0.214
2013;3 BANDES;18;P. SERRA;0.212
2013;3 BANDES;19;L. GONZ�LEZ;0.206
2013;3 BANDES;20;M. BRUQUETAS;0.201
2013;3 BANDES;21;P. CASANOVA;0.199
2013;3 BANDES;22;R. JARQUE;0.193
2013;3 BANDES;23;F. TAR�S;0.189
2013;3 BANDES;24;M.L. MALLACH;0.188
2013;3 BANDES;25;J.M. RODR�GUEZ;0.176
2013;3 BANDES;26;V. INOCENTES;0.170
2013;3 BANDES;27;A. MART�NEZ;0.155
2013;3 BANDES;28;P. BALLESTER;0.148
2013;3 BANDES;29;M. EBR�;0.144
2013;3 BANDES;30;J.M. VIAPLANA;0.138
2013;3 BANDES;31;S. BARRIS;0.135
2013;3 BANDES;32;J.M. VIAPLANA;0.131
2013;3 BANDES;33;J. ARMENGOL;0.130
2013;3 BANDES;34;J. CARRASCO;0.108
2013;3 BANDES;35;M. QUEROL;0.059
2014;3 BANDES;1;J.F. SANTOS;0.458
2014;3 BANDES;2;J. SELGA;0.402
2014;3 BANDES;3;L. GONZ�LEZ;0.388
2014;3 BANDES;4;J. GELABERT;0.375
2014;3 BANDES;5;M. PAMPLONA;0.356
2014;3 BANDES;6;E. LE�N;0.351
2014;3 BANDES;7;A. CASTILLO;0.333
2014;3 BANDES;8;R. GRAU;0.326
2014;3 BANDES;9;V. HAMMER;0.323
2014;3 BANDES;10;X. FINA;0.321
2014;3 BANDES;11;J. HERN�NDEZ;0.307
2014;3 BANDES;12;G. GIM�NEZ;0.304
2014;3 BANDES;13;J. COMAS;0.296
2014;3 BANDES;14;A. PORTA;0.288
2014;3 BANDES;15;E. LUENGO;0.282
2014;3 BANDES;16;E. RODR�GUEZ;0.262
2014;3 BANDES;17;V. INOCENTES;0.256
2014;3 BANDES;18;F. BARCIA;0.254
2014;3 BANDES;19;M.L. MALLACH;0.252
2014;3 BANDES;20;P. CASANOVA;0.247
2014;3 BANDES;21;J. SELGAS;0.226
2014;3 BANDES;22;L. GONZ�LEZ;0.222
2014;3 BANDES;23;I. L�PEZ;0.221
2014;3 BANDES;24;J.M. SOMS;0.217
2014;3 BANDES;25;R. JARQUE;0.212
2014;3 BANDES;26;J.M. RODR�GUEZ;0.212
2014;3 BANDES;27;F. TAR�S;0.209
2014;3 BANDES;28;J. FERN�NDEZ;0.193
2014;3 BANDES;29;J. CARRASCO;0.176
2014;3 BANDES;30;J.M. VIAPLANA;0.158
2014;3 BANDES;31;P. BALLESTER;0.149
2014;3 BANDES;32;S. BARRIS;0.147
2014;3 BANDES;33;J.M. VIAPLANA;0.134
2014;3 BANDES;34;M. EBR�;0.128
2014;3 BANDES;35;J. ARMENGOL;0.123
2014;3 BANDES;36;J. ORTIZ;0.041
2015;3 BANDES;1;E. LE�N;0.439
2015;3 BANDES;2;J. GELABERT;0.417
2015;3 BANDES;3;L. GONZ�LEZ;0.380
2015;3 BANDES;4;J.F. SANTOS;0.363
2015;3 BANDES;5;E. RODR�GUEZ;0.348
2015;3 BANDES;6;A. CASTILLO;0.331
2015;3 BANDES;7;J. SELGA;0.322
2015;3 BANDES;8;V. HAMMER;0.318
2015;3 BANDES;9;J. HERN�NDEZ;0.313
2015;3 BANDES;10;M. PAMPLONA;0.309
2015;3 BANDES;11;X. FINA;0.296
2015;3 BANDES;12;I. L�PEZ;0.293
2015;3 BANDES;13;J. COMAS;0.282
2015;3 BANDES;14;A. PORTA;0.279
2015;3 BANDES;15;G. GIM�NEZ;0.270
2015;3 BANDES;16;P. CASANOVA;0.260
2015;3 BANDES;17;R. GRAU;0.260
2015;3 BANDES;18;J. SELGAS;0.244
2015;3 BANDES;19;L. GONZ�LEZ;0.244
2015;3 BANDES;20;A. CAMPILLO;0.237
2015;3 BANDES;21;J.M. SOMS;0.225
2015;3 BANDES;22;M.L. MALLACH;0.223
2015;3 BANDES;23;M. EBR�;0.216
2015;3 BANDES;24;F. BARCIA;0.214
2015;3 BANDES;25;V. INOCENTES;0.208
2015;3 BANDES;26;A. MART�NEZ;0.205
2015;3 BANDES;27;F. TAR�S;0.202
2015;3 BANDES;28;J.M. RODR�GUEZ;0.202
2015;3 BANDES;29;R. JARQUE;0.200
2015;3 BANDES;30;S. MAR�N;0.166
2015;3 BANDES;31;M. BRUQUETAS;0.159
2015;3 BANDES;32;J. RODR�GUEZ;0.156
2015;3 BANDES;33;S. BARRIS;0.148
2015;3 BANDES;34;J. FIT�;0.146
2015;3 BANDES;35;J. CARRASCO;0.108
2015;3 BANDES;36;P. BALLESTER;0.106
2015;3 BANDES;37;M. QUEROL;0.084
2015;3 BANDES;38;J. ORTIZ;0.047
2025;3 BANDES;1;A. G�MEZ;0.497
2025;3 BANDES;2;J.F. SANTOS;0.454
2025;3 BANDES;3;J.M. CAMPOS;0.429
2025;3 BANDES;4;R. CERVANTES;0.390
2025;3 BANDES;5;L. CHUECOS;0.389
2025;3 BANDES;6;J.L. ROSER�;0.333
2025;3 BANDES;7;A. BOIX;0.332
2025;3 BANDES;8;J. COMAS;0.304
2025;3 BANDES;9;A. MELGAREJO;0.300
2025;3 BANDES;10;J. VILA;0.288
2025;3 BANDES;11;A. FUENTES;0.285
2025;3 BANDES;12;P. �LVAREZ;0.281
2025;3 BANDES;13;P. CASANOVA;0.267
2025;3 BANDES;14;M. S�NCHEZ;0.267
2025;3 BANDES;15;J. RODR�GUEZ;0.255
2025;3 BANDES;16;J. GIBERNAU;0.243
2025;3 BANDES;17;J. FIT�;0.242
2025;3 BANDES;18;M.L. MALLACH;0.236
2025;3 BANDES;19;J. VEZA;0.228
2025;3 BANDES;20;E. GARC�A;0.220
2025;3 BANDES;21;J.A. SAUCEDO;0.218
2025;3 BANDES;22;R. MERCADER;0.203
2025;3 BANDES;23;E. D�AZ;0.202
2025;3 BANDES;24;P. FERR�S;0.182
2025;3 BANDES;25;R. SOTO;0.171
2025;3 BANDES;26;J. G�MEZ;0.170
2025;3 BANDES;27;M. GONZALVO;0.169
2025;3 BANDES;28;S. MAR�N;0.166
2025;3 BANDES;29;R. POLLS;0.164
2025;3 BANDES;30;R. JARQUE;0.163
2025;3 BANDES;31;M. MANZANO;0.162
2025;3 BANDES;32;A. MEDINA;0.160
2025;3 BANDES;33;A. MORA;0.156
2025;3 BANDES;34;E. MILL�N;0.156
2025;3 BANDES;35;J. IB��EZ;0.155
2025;3 BANDES;36;M. QUEROL;0.122
2025;3 BANDES;37;J. CARRASCO;0.115
2025;3 BANDES;38;A. GARC�A;0.112
2025;3 BANDES;39;J. VALL�S;0.108
2025;3 BANDES;40;J.M. CASAMOR;0.098
2025;3 BANDES;41;F. VERDUGO;0.091
2003;BANDA;1;GARC�A;1.640
2003;BANDA;2;J. GELABERT;1.260
2003;BANDA;3;J. SELGA;1.250
2003;BANDA;4;C. VIDAL;1.090
2003;BANDA;5;L. GONZ�LEZ;0.990
2003;BANDA;6;VIVAS;0.980
2003;BANDA;7;A. BERMEJO;0.970
2003;BANDA;8;J. FERN�NDEZ;0.780
2003;BANDA;9;PUIG;0.670
2003;BANDA;10;J.M. VIAPLANA;0.620
2003;BANDA;11;J. MIR;0.570
2003;BANDA;12;V. INOCENTES;0.560
2003;BANDA;13;J. CABR�;0.530
2003;BANDA;14;J. GRAU;0.460
2003;BANDA;15;TARES;0.440
2003;BANDA;16;JIMENO;0.670
2003;BANDA;17;DONADEU;0.610
2003;BANDA;18;P�REZ;0.480
2003;BANDA;19;MAGRI�A;0.400
2003;BANDA;20;A. MART�;0.350
2004;BANDA;1;J. GELABERT;1.230
2004;BANDA;2;C. VIDAL;1.200
2004;BANDA;3;J. SELGA;1.070
2004;BANDA;4;VIVAS;1.010
2004;BANDA;5;L. GONZ�LEZ;0.870
2004;BANDA;6;J. FERN�NDEZ;0.850
2004;BANDA;7;J. GRAU;0.760
2004;BANDA;8;TALAVERA;0.710
2004;BANDA;9;J.M. VIAPLANA;0.610
2004;BANDA;10;P. RUIZ;0.610
2004;BANDA;11;TARES;0.590
2004;BANDA;12;V. INOCENTES;0.560
2004;BANDA;13;J. CABR�;0.520
2004;BANDA;14;TABERNER;0.410
2004;BANDA;15;A. MART�;0.320
2005;BANDA;1;J. GELABERT;1.430
2005;BANDA;2;J. SELGA;1.300
2005;BANDA;3;A. BERMEJO;1.200
2005;BANDA;4;VIVAS;1.030
2005;BANDA;5;C. VIDAL;0.990
2005;BANDA;6;X. FINA;0.960
2005;BANDA;7;E. LE�N;0.950
2005;BANDA;8;L. GONZ�LEZ;0.830
2005;BANDA;9;J. FERN�NDEZ;0.760
2005;BANDA;10;J. GRAU;0.750
2005;BANDA;11;J.M. VIAPLANA;0.730
2005;BANDA;12;P. SERRA;0.560
2005;BANDA;13;J. MIR;0.655
2005;BANDA;14;V. INOCENTES;0.651
2005;BANDA;15;J. CABR�;0.590
2005;BANDA;16;QUEVEDO;0.520
2005;BANDA;17;R. FINA;0.510
2005;BANDA;18;TARES;0.500
2005;BANDA;19;J. VALL�S;0.380
2005;BANDA;20;A. MART�;0.290
2006;BANDA;1;A. BERMEJO;1.300
2006;BANDA;2;E. LE�N;1.110
2006;BANDA;3;C. VIDAL;1.060
2006;BANDA;4;J. SELGA;1.000
2006;BANDA;5;VIVAS;1.000
2006;BANDA;6;J. GELABERT;0.980
2006;BANDA;7;X. FINA;0.886
2006;BANDA;8;L. GONZ�LEZ;0.882
2006;BANDA;9;R. COLOM;0.810
2006;BANDA;10;J.M. VIAPLANA;0.780
2006;BANDA;11;J. FERN�NDEZ;0.680
2006;BANDA;12;M. GIMENO;0.730
2006;BANDA;13;REAL;0.650
2006;BANDA;14;RODR�GUEZ;0.610
2006;BANDA;15;TARES;0.540
2006;BANDA;16;J. CABR�;0.510
2006;BANDA;17;QUEVEDO;0.480
2007;BANDA;1;ALBARRACIN;1.200
2007;BANDA;2;E. LE�N;1.140
2007;BANDA;3;J. GELABERT;1.130
2007;BANDA;4;A. BERMEJO;1.100
2007;BANDA;5;J. SELGA;1.020
2007;BANDA;6;C. VIDAL;1.000
2007;BANDA;7;M. PALAU;0.940
2007;BANDA;8;G. GIM�NEZ;0.860
2007;BANDA;9;J. FERN�NDEZ;0.860
2007;BANDA;10;X. FINA;0.820
2007;BANDA;11;R. COLOM;0.790
2007;BANDA;12;J. SELGAS;0.780
2007;BANDA;13;M. GIMENO;0.700
2007;BANDA;14;J.M. VIAPLANA;0.600
2007;BANDA;15;RODR�GUEZ;0.830
2007;BANDA;16;BARRIENTOS;0.810
2007;BANDA;17;TARES;0.750
2007;BANDA;18;J. CABR�;0.630
2007;BANDA;19;NOGUER;0.610
2007;BANDA;20;QUEVEDO;0.540
2007;BANDA;21;J. VALL�S;0.450
2007;BANDA;22;J. MIR;0.420
2007;BANDA;23;J. MONTERO;0.400
2007;BANDA;24;J. CARRASCO;0.300
2007;BANDA;25;A. MART�;0.230
2008;BANDA;1;J. GELABERT;1.350
2008;BANDA;2;ALBARRACIN;1.330
2008;BANDA;3;GARC�A;1.320
2008;BANDA;4;C. VIDAL;1.130
2008;BANDA;5;A. CASTILLO;1.110
2008;BANDA;6;J. ROVIROSA;1.080
2008;BANDA;7;A. BERMEJO;0.950
2008;BANDA;8;M. PALAU;0.900
2008;BANDA;9;L. GONZ�LEZ;0.890
2008;BANDA;10;J. FERN�NDEZ;0.870
2008;BANDA;11;R. COLOM;0.830
2008;BANDA;12;G. GIM�NEZ;0.820
2008;BANDA;13;BARRIENTOS;0.810
2008;BANDA;14;J. GRAU;0.768
2008;BANDA;15;HERN�NDEZ;0.767
2008;BANDA;16;RODR�GUEZ;0.700
2008;BANDA;17;J. SELGAS;0.640
2008;BANDA;18;ERRA;0.630
2008;BANDA;19;SOLANS;0.620
2008;BANDA;20;M. GIMENO;0.610
2008;BANDA;21;TARES;0.560
2008;BANDA;22;P. SERRA;0.760
2008;BANDA;23;J.M. VIAPLANA;0.730
2008;BANDA;24;J. CABR�;0.650
2008;BANDA;25;NOGUER;0.510
2008;BANDA;26;J. MONTERO;0.500
2008;BANDA;27;J. VALL�S;0.491
2008;BANDA;28;SU�E;0.490
2008;BANDA;29;J. CARRASCO;0.390
2008;BANDA;30;A. MART�;0.250
2009;BANDA;1;ALBARRACIN;1.515
2009;BANDA;2;DURAN;1.472
2009;BANDA;3;J. GELABERT;1.347
2009;BANDA;4;E. LE�N;1.114
2009;BANDA;5;J. SELGA;0.982
2009;BANDA;6;C. VIDAL;0.932
2009;BANDA;7;HERN�NDEZ;0.908
2009;BANDA;8;R. COLOM;0.888
2009;BANDA;9;X. FINA;0.857
2009;BANDA;10;BARRIENTOS;0.818
2009;BANDA;11;J. SELGAS;0.676
2009;BANDA;12;J. GRI��;0.657
2009;BANDA;13;G. GIM�NEZ;0.645
2009;BANDA;14;P. SERRA;0.618
2009;BANDA;15;TARES;0.580
2009;BANDA;16;J.M. VIAPLANA;0.566
2009;BANDA;17;V. INOCENTES;0.532
2009;BANDA;18;A. MART�NEZ;0.492
2009;BANDA;19;M. PRAT;0.488
2009;BANDA;20;M. ALMIRALL;0.484
2009;BANDA;21;G�MEZ;0.480
2009;BANDA;22;J. MIR;0.473
2009;BANDA;23;M. GIMENO;0.468
2009;BANDA;24;NOGUER;0.461
2009;BANDA;25;J. CABR�;0.460
2009;BANDA;26;J. CARRASCO;0.393
2009;BANDA;27;P�REZ;0.338
2009;BANDA;28;J. VALL�S;0.316
2009;BANDA;29;A. MART�;0.224
2011;BANDA;1;J. SELGA;1.239
2011;BANDA;2;J. GELABERT;1.066
2011;BANDA;3;J. HERN�NDEZ;1.052
2011;BANDA;4;E. LE�N;0.975
2011;BANDA;5;L. GONZ�LEZ;0.949
2011;BANDA;6;L. GONZ�LEZ;0.939
2011;BANDA;7;C. VIDAL;0.928
2011;BANDA;8;M. PALAU;0.912
2011;BANDA;9;G. GIM�NEZ;0.815
2011;BANDA;10;J. ROVIROSA;0.802
2011;BANDA;11;A. CASTILLO;0.788
2011;BANDA;12;F. TAR�S;0.737
2011;BANDA;13;R. GRAU;0.736
2011;BANDA;14;J. SELGAS;0.735
2011;BANDA;15;J.M. VIAPLANA;0.735
2011;BANDA;16;J. FERN�NDEZ;0.728
2011;BANDA;17;M. PAMPLONA;0.701
2011;BANDA;18;J.M. RODR�GUEZ;0.701
2011;BANDA;19;R. JARQUE;0.674
2011;BANDA;20;J. CABR�;0.656
2011;BANDA;21;J. MIR;0.640
2011;BANDA;22;P. SERRA;0.629
2011;BANDA;23;A. MART�NEZ;0.588
2011;BANDA;24;A. PORTA;0.587
2011;BANDA;25;M.L. MALLACH;0.564
2011;BANDA;26;V. INOCENTES;0.551
2011;BANDA;27;M. PRAT;0.548
2011;BANDA;28;F. G�MEZ;0.483
2011;BANDA;29;M. ALMIRALL;0.472
2011;BANDA;30;J. VALL�S;0.349
2011;BANDA;31;J. CARRASCO;0.308
2012;BANDA;1;J. SELGA;1.141
2012;BANDA;2;J. GELABERT;1.075
2012;BANDA;3;L. GONZ�LEZ;1.049
2012;BANDA;4;E. LE�N;1.033
2012;BANDA;5;A. PORTA;1.032
2012;BANDA;6;J. HERN�NDEZ;0.903
2012;BANDA;7;J. SELGAS;0.866
2012;BANDA;8;M. PAMPLONA;0.819
2012;BANDA;9;R. GRAU;0.809
2012;BANDA;10;A. CASTILLO;0.775
2012;BANDA;11;P. SERRA;0.756
2012;BANDA;12;R. COLOM;0.754
2012;BANDA;13;J. FERN�NDEZ;0.741
2012;BANDA;14;R. JARQUE;0.688
2012;BANDA;15;X. FINA;0.652
2012;BANDA;16;E. GIR�;0.647
2012;BANDA;17;J.M. SOMS;0.610
2012;BANDA;18;J. GRI��;0.601
2012;BANDA;19;A. MART�NEZ;0.576
2012;BANDA;20;F. G�MEZ;0.561
2012;BANDA;21;F. TAR�S;0.536
2012;BANDA;22;J.M. VIAPLANA;0.530
2012;BANDA;23;M. PRAT;0.506
2012;BANDA;24;J. CABR�;0.500
2012;BANDA;25;J. MIR;0.461
2012;BANDA;26;M.L. MALLACH;0.454
2012;BANDA;27;J. CARRASCO;0.380
2012;BANDA;28;M. EBR�;0.380
2012;BANDA;29;S. BARRIS;0.318
2013;BANDA;1;J.F. SANTOS;1.604
2013;BANDA;2;J. GELABERT;1.287
2013;BANDA;3;J. SELGA;1.160
2013;BANDA;4;E. LE�N;1.084
2013;BANDA;5;V. HAMMER;1.051
2013;BANDA;6;J. COMAS;1.034
2013;BANDA;7;L. GONZ�LEZ;1.022
2013;BANDA;8;R. GRAU;0.980
2013;BANDA;9;I. L�PEZ;0.824
2013;BANDA;10;M. PAMPLONA;0.822
2013;BANDA;11;P. CASANOVA;0.777
2013;BANDA;12;J.M. RODR�GUEZ;0.745
2013;BANDA;13;J. HERN�NDEZ;0.724
2013;BANDA;14;J. FERN�NDEZ;0.724
2013;BANDA;15;A. CASTILLO;0.714
2013;BANDA;16;X. FINA;0.696
2013;BANDA;17;J.M. SOMS;0.664
2013;BANDA;18;P. SERRA;0.661
2013;BANDA;19;J. SELGAS;0.595
2013;BANDA;20;A. MART�NEZ;0.587
2013;BANDA;21;V. INOCENTES;0.535
2013;BANDA;22;R. JARQUE;0.528
2013;BANDA;23;J. CABR�;0.498
2013;BANDA;24;J.M. VIAPLANA;0.465
2013;BANDA;25;M. BRUQUETAS;0.462
2013;BANDA;26;J. ORTIZ;0.460
2013;BANDA;27;J. CARRASCO;0.460
2013;BANDA;28;J.M. VIAPLANA;0.449
2013;BANDA;29;M. EBR�;0.427
2013;BANDA;30;P. BALLESTER;0.377
2013;BANDA;31;S. BARRIS;0.336
2014;BANDA;1;J.F. SANTOS;1.420
2014;BANDA;2;J. SELGA;1.140
2014;BANDA;3;V. HAMMER;1.120
2014;BANDA;4;J. GELABERT;1.103
2014;BANDA;5;E. LE�N;1.086
2014;BANDA;6;E. LUENGO;0.866
2014;BANDA;7;J. HERN�NDEZ;0.825
2014;BANDA;8;J. COMAS;0.760
2014;BANDA;9;P. CASANOVA;0.754
2014;BANDA;10;M. PAMPLONA;0.744
2014;BANDA;11;J.M. RODR�GUEZ;0.723
2014;BANDA;12;A. CASTILLO;0.704
2014;BANDA;13;I. L�PEZ;0.701
2014;BANDA;14;G. GIM�NEZ;0.700
2014;BANDA;15;J. SELGAS;0.697
2014;BANDA;16;A. CAMPILLO;0.655
2014;BANDA;17;J.M. SOMS;0.618
2014;BANDA;18;J. FERN�NDEZ;0.614
2014;BANDA;19;F. TAR�S;0.613
2014;BANDA;20;F. BARCIA;0.612
2014;BANDA;21;V. INOCENTES;0.583
2014;BANDA;22;R. JARQUE;0.542
2014;BANDA;23;A. MART�NEZ;0.505
2014;BANDA;24;M.L. MALLACH;0.484
2014;BANDA;25;J. CARRASCO;0.468
2014;BANDA;26;M. EBR�;0.459
2014;BANDA;27;J.M. VIAPLANA;0.449
2014;BANDA;28;S. MAR�N;0.447
2014;BANDA;29;M. BRUQUETAS;0.434
2014;BANDA;30;J.M. VIAPLANA;0.432
2014;BANDA;31;S. BARRIS;0.363
2014;BANDA;32;J. MONTERO;0.336
2014;BANDA;33;P. BALLESTER;0.322
2014;BANDA;34;J. ARMENGOL;0.304
2014;BANDA;35;M. QUEROL;0.266
2014;BANDA;36;J. ORTIZ;0.194
2014;BANDA;37;R. BUR�S;0.194
2021;BANDA;2;I. L�PEZ;0.951
2021;BANDA;3;I. HERN�NDEZ;0.946
2021;BANDA;4;L. GONZ�LEZ;0.887
2021;BANDA;5;A. BOIX;0.881
2021;BANDA;6;J. RODR�GUEZ;0.872
2021;BANDA;7;R. CERVANTES;0.866
2021;BANDA;8;J. MU�OZ;0.859
2021;BANDA;9;R. MORENO;0.766
2021;BANDA;10;A. TRILLO;0.709
2021;BANDA;11;P. CASANOVA;0.702
2021;BANDA;12;M. PAMPLONA;0.679
2021;BANDA;13;J.L. ARROYO;0.644
2021;BANDA;14;D. CORBAL�N;0.578
2021;BANDA;15;J. FIT�;0.550
2021;BANDA;16;J.M. RODR�GUEZ;0.532
2021;BANDA;17;J. GIBERNAU;0.506
2021;BANDA;18;J.A. SAUCEDO;0.463
2021;BANDA;19;E. CURC�;0.441
2021;BANDA;20;R. MERCADER;0.440
2021;BANDA;21;R. POLLS;0.431
2021;BANDA;22;A. DEL R�O;0.390
2021;BANDA;23;R. JARQUE;0.385
2021;BANDA;24;J. VALL�S;0.376
2021;BANDA;25;E. ROYES;0.365
2021;BANDA;26;J. CARRASCO;0.347
2021;BANDA;27;A. MORA;0.309
2021;BANDA;28;M. MANZANO;0.307
2021;BANDA;29;F. VERDUGO;0.301
2021;BANDA;30;J. ORTIZ;0.280
2021;BANDA;31;J. GRAU;0.280
2021;BANDA;32;M. QUEROL;0.270
2021;BANDA;33;J.M. CASAMOR;0.256
2022;BANDA;1;J.F. SANTOS;1.155
2022;BANDA;2;E. LE�N;1.127
2022;BANDA;3;A. BOIX;0.955
2022;BANDA;4;R. CERVANTES;0.844
2022;BANDA;5;J. COMAS;0.843
2022;BANDA;6;A. MELGAREJO;0.830
2022;BANDA;7;I. L�PEZ;0.770
2022;BANDA;8;P. CASANOVA;0.744
2022;BANDA;9;R. MORENO;0.713
2022;BANDA;10;E. D�AZ;0.706
2022;BANDA;11;A. TRILLO;0.670
2022;BANDA;12;J. RODR�GUEZ;0.629
2022;BANDA;13;P. �LVAREZ;0.618
2022;BANDA;14;J.L. ARROYO;0.613
2022;BANDA;15;D. CORBAL�N;0.546
2022;BANDA;16;J. FIT�;0.540
2022;BANDA;17;E. CURC�;0.509
2022;BANDA;18;J.A. SAUCEDO;0.490
2022;BANDA;19;J. IB��EZ;0.475
2022;BANDA;20;F. LEDO;0.460
2022;BANDA;21;R. POLLS;0.459
2022;BANDA;22;R. MERCADER;0.429
2022;BANDA;23;J. HERN�NDEZ;0.417
2022;BANDA;24;J. CABR�;0.400
2022;BANDA;25;J. CARRASCO;0.383
2022;BANDA;26;M. MANZANO;0.378
2022;BANDA;27;J. VALL�S;0.334
2022;BANDA;28;E. ROYES;0.326
2022;BANDA;29;F. VERDUGO;0.293
2022;BANDA;30;J.M. CASAMOR;0.271
2022;BANDA;31;M. QUEROL;0.268
2022;BANDA;32;J. ORTIZ;0.266
2022;BANDA;33;R. SOTO;0.363
2022;BANDA;34;E. MILL�N;0.336
2023;BANDA;1;J.F. SANTOS;1.287
2023;BANDA;2;E. LE�N;1.126
2023;BANDA;3;I. HERN�NDEZ;1.049
2023;BANDA;4;R. CERVANTES;1.005
2023;BANDA;5;A. BOIX;0.989
2023;BANDA;6;A. MELGAREJO;0.955
2023;BANDA;7;J. COMAS;0.929
2023;BANDA;8;P. RUIZ;0.824
2023;BANDA;9;J. RODR�GUEZ;0.803
2023;BANDA;10;A. TRILLO;0.769
2023;BANDA;11;P. CASANOVA;0.682
2023;BANDA;12;P. �LVAREZ;0.660
2023;BANDA;13;E. D�AZ;0.600
2023;BANDA;14;J. VEZA;0.579
2023;BANDA;15;J.L. ARROYO;0.574
2023;BANDA;16;J. GIBERNAU;0.558
2023;BANDA;17;J. FIT�;0.533
2023;BANDA;18;F. LEDO;0.524
2023;BANDA;19;E. CURC�;0.504
2023;BANDA;20;R. MERCADER;0.494
2023;BANDA;21;J.A. SAUCEDO;0.488
2023;BANDA;22;R. POLLS;0.452
2023;BANDA;23;R. SOTO;0.422
2023;BANDA;24;M. MANZANO;0.419
2023;BANDA;25;A. MORA;0.413
2023;BANDA;26;A. MEDINA;0.379
2023;BANDA;27;R. JARQUE;0.340
2023;BANDA;28;J. VALL�S;0.333
2023;BANDA;29;F. VERDUGO;0.317
2023;BANDA;30;J. CARRASCO;0.313
2023;BANDA;31;J. ORTIZ;0.288
2023;BANDA;32;E. MILL�N;0.282
2023;BANDA;33;J.M. CASAMOR;0.255
2024;BANDA;1;J.F. SANTOS;1.319
2024;BANDA;2;L. CHUECOS;1.135
2024;BANDA;3;E. LE�N;1.130
2024;BANDA;4;A. BOIX;1.036
2024;BANDA;5;I. HERN�NDEZ;1.008
2024;BANDA;6;A. G�MEZ;0.933
2024;BANDA;7;J. COMAS;0.931
2024;BANDA;8;R. CERVANTES;0.874
2024;BANDA;9;R. MORENO;0.848
2024;BANDA;10;P. CASANOVA;0.812
2024;BANDA;11;P. �LVAREZ;0.801
2024;BANDA;12;J. RODR�GUEZ;0.773
2024;BANDA;13;J.L. ROSER�;0.741
2024;BANDA;14;E. D�AZ;0.718
2024;BANDA;15;J. VEZA;0.698
2024;BANDA;16;J.L. ARROYO;0.667
2024;BANDA;17;M. S�NCHEZ;0.636
2024;BANDA;18;R. POLLS;0.589
2024;BANDA;19;J. GIBERNAU;0.585
2024;BANDA;20;J. FIT�;0.563
2024;BANDA;21;F. LEDO;0.536
2024;BANDA;22;E. CURC�;0.519
2024;BANDA;23;M. GONZALVO;0.484
2024;BANDA;24;J. IB��EZ;0.468
2024;BANDA;25;R. JARQUE;0.453
2024;BANDA;26;E. MILL�N;0.448
2024;BANDA;27;J. CARRASCO;0.400
2024;BANDA;28;M. MANZANO;0.361
2024;BANDA;29;J. VALL�S;0.360
2024;BANDA;30;M. QUEROL;0.325
2024;BANDA;31;E. ROYES;0.322
2024;BANDA;32;F. VERDUGO;0.279
2024;BANDA;33;A. MEDINA;0.442
2024;BANDA;34;R. SOTO;0.404
2024;BANDA;35;J. ORTIZ;0.256
2024;BANDA;36;J.M. CASAMOR;0.240
2025;BANDA;1;A. BOIX;0.913
2025;BANDA;2;J.M. CAMPOS;0.879
2025;BANDA;3;R. CERVANTES;1.071
2025;BANDA;4;L. CHUECOS;1.345
2025;BANDA;5;J. COMAS;0.873
2025;BANDA;6;J. DOMINGO;0.835
2025;BANDA;7;A. G�MEZ;1.008
2025;BANDA;8;E. LE�N;1.002
2025;BANDA;9;J.F. SANTOS;1.244
2025;BANDA;10;J. VILA;1.007
2025;BANDA;11;P. �LVAREZ;0.731
2025;BANDA;12;P. CASANOVA;0.657
2025;BANDA;13;E. D�AZ;0.655
2025;BANDA;14;J. FIT�;0.571
2025;BANDA;15;J. GIBERNAU;0.551
2025;BANDA;16;E. LUENGO;0.805
2025;BANDA;17;R. MORENO;0.806
2025;BANDA;18;R. POLLS;0.471
2025;BANDA;19;J. RODR�GUEZ;0.853
2025;BANDA;20;J.L. ROSER�;0.811
2025;BANDA;21;E. CURC�;0.496
2025;BANDA;22;E. GARC�A;0.552
2025;BANDA;23;J. G�MEZ;0.529
2025;BANDA;24;M. GONZALVO;0.438
2025;BANDA;25;R. JARQUE;0.405
2025;BANDA;26;S. MAR�N;0.291
2025;BANDA;27;E. MILL�N;0.383
2025;BANDA;28;J. S�NCHEZ;0.677
2025;BANDA;29;J.A. SAUCEDO;0.487
2025;BANDA;30;J. CARRASCO;0.393
2025;BANDA;31;J.M. CASAMOR;0.260
2025;BANDA;32;M. MANZANO;0.367
2025;BANDA;33;A. MEDINA;0.430
2025;BANDA;34;M. QUEROL;0.355
2025;BANDA;35;G. RUIZ;0.378
2025;BANDA;36;R. SOTO;0.443
2025;BANDA;37;J. VALL�S;0.305
2025;BANDA;38;F. VERDUGO;0.233
2003;LLIURE;1;A. BERMEJO;1.965
2003;LLIURE;2;J. GELABERT;1.773
2003;LLIURE;3;J. SELGA;1.672
2003;LLIURE;4;C. VIDAL;1.512
2003;LLIURE;5;J. FERN�NDEZ;1.384
2003;LLIURE;6;L. GONZ�LEZ;1.339
2003;LLIURE;7;J. GRAU;1.153
2003;LLIURE;8;PUIG;1.000
2003;LLIURE;9;J.M. VIAPLANA;0.912
2003;LLIURE;10;V. INOCENTES;0.875
2003;LLIURE;11;TARES;0.849
2003;LLIURE;12;J. CABR�;0.816
2003;LLIURE;13;J. MIR;0.806
2003;LLIURE;14;A. MART�NEZ;0.805
2003;LLIURE;15;DONADEU;0.754
2003;LLIURE;16;CASBAS;0.722
2003;LLIURE;17;MAGRI�A;0.595
2003;LLIURE;18;P�REZ;0.543
2003;LLIURE;19;BARRIERE;0.481
2003;LLIURE;20;A. MART�;0.475
2004;LLIURE;1;RAM�REZ;2.260
2004;LLIURE;2;ALCARAZ;2.240
2004;LLIURE;3;J. SELGA;1.980
2004;LLIURE;4;L. GONZ�LEZ;1.840
2004;LLIURE;5;J. GELABERT;1.830
2004;LLIURE;6;C. VIDAL;1.520
2004;LLIURE;7;J. FERN�NDEZ;1.260
2004;LLIURE;8;J. GRAU;1.150
2004;LLIURE;9;PUIG;1.040
2004;LLIURE;10;J.M. VIAPLANA;0.990
2004;LLIURE;11;V. INOCENTES;0.850
2004;LLIURE;12;J. CABR�;0.750
2004;LLIURE;13;TARES;0.710
2004;LLIURE;14;NOGUER;0.680
2004;LLIURE;15;P�REZ;0.670
2004;LLIURE;16;CASBAS;0.670
2004;LLIURE;17;X. FINA;0.630
2004;LLIURE;18;BARRIERE;0.550
2004;LLIURE;19;A. MART�;0.510
2005;LLIURE;1;ALCARAZ;2.530
2005;LLIURE;2;A. BERMEJO;1.910
2005;LLIURE;3;J. GELABERT;1.680
2005;LLIURE;4;C. VIDAL;1.610
2005;LLIURE;5;J. SELGA;1.600
2005;LLIURE;6;L. GONZ�LEZ;1.580
2005;LLIURE;7;VIVAS;1.490
2005;LLIURE;8;E. LE�N;1.470
2005;LLIURE;9;X. FINA;1.340
2005;LLIURE;10;J. GRAU;1.180
2005;LLIURE;11;J. FERN�NDEZ;1.170
2005;LLIURE;12;R. COLOM;1.160
2005;LLIURE;13;J. SELGAS;1.130
2005;LLIURE;14;P. SERRA;1.130
2005;LLIURE;15;J.M. VIAPLANA;1.020
2005;LLIURE;16;TARES;1.220
2005;LLIURE;17;J. MIR;1.020
2005;LLIURE;18;V. INOCENTES;1.020
2005;LLIURE;19;FARRE;0.950
2005;LLIURE;20;J. CABR�;0.840
2005;LLIURE;21;PE�A;0.830
2005;LLIURE;22;SU�E;0.810
2005;LLIURE;23;QUEVEDO;0.750
2005;LLIURE;24;A. MART�;0.470
2005;LLIURE;25;M. QUEROL;0.450
2006;LLIURE;1;A. BERMEJO;2.700
2006;LLIURE;2;ALCARAZ;2.400
2006;LLIURE;3;L. GONZ�LEZ;1.940
2006;LLIURE;4;J. GELABERT;1.800
2006;LLIURE;5;J. SELGA;1.780
2006;LLIURE;6;C. VIDAL;1.510
2006;LLIURE;7;E. LE�N;1.470
2006;LLIURE;8;R. COLOM;1.350
2006;LLIURE;9;X. FINA;1.290
2006;LLIURE;10;J. FERN�NDEZ;1.170
2006;LLIURE;11;J.M. VIAPLANA;1.050
2006;LLIURE;12;TARES;0.870
2006;LLIURE;13;J. MIR;1.060
2006;LLIURE;14;M. GIMENO;0.970
2006;LLIURE;15;J. CABR�;0.860
2006;LLIURE;16;FARRE;0.850
2006;LLIURE;17;PE�A;0.840
2006;LLIURE;18;QUEVEDO;0.790
2006;LLIURE;19;J. VALL�S;0.500
2007;LLIURE;1;ALCARAZ;2.410
2007;LLIURE;2;A. BERMEJO;1.970
2007;LLIURE;3;J. COMAS;1.960
2007;LLIURE;4;J. SELGA;1.940
2007;LLIURE;5;J. GELABERT;1.910
2007;LLIURE;6;C. VIDAL;1.750
2007;LLIURE;7;E. LE�N;1.700
2007;LLIURE;8;L. GONZ�LEZ;1.460
2007;LLIURE;9;R. COLOM;1.400
2007;LLIURE;10;M. PALAU;1.250
2007;LLIURE;11;J. SELGAS;1.170
2007;LLIURE;12;X. FINA;1.110
2007;LLIURE;13;J. FERN�NDEZ;1.090
2007;LLIURE;14;J.M. VIAPLANA;0.890
2007;LLIURE;15;BARRIENTOS;1.310
2007;LLIURE;16;J. CABR�;1.110
2007;LLIURE;17;RODR�GUEZ;1.100
2007;LLIURE;18;V. INOCENTES;1.050
2007;LLIURE;19;REAL;1.000
2007;LLIURE;20;J. GRI��;0.990
2007;LLIURE;21;M. GIMENO;0.950
2007;LLIURE;22;TARES;0.900
2007;LLIURE;23;NOGUER;0.880
2007;LLIURE;24;J. VALL�S;0.810
2007;LLIURE;25;J. CARRASCO;0.700
2007;LLIURE;26;QUEVEDO;0.660
2007;LLIURE;27;SU�E;0.600
2007;LLIURE;28;A. MART�;0.510
2008;LLIURE;1;A. BERMEJO;2.470
2008;LLIURE;2;ALCARAZ;2.370
2008;LLIURE;3;ALBARRACIN;2.180
2008;LLIURE;4;J. GELABERT;2.060
2008;LLIURE;5;J. SELGA;2.010
2008;LLIURE;6;J. COMAS;1.650
2008;LLIURE;7;M. PALAU;1.500
2008;LLIURE;8;P. COMAS;1.440
2008;LLIURE;9;G. GIM�NEZ;1.400
2008;LLIURE;10;L. GONZ�LEZ;1.320
2008;LLIURE;11;VIVAS;1.230
2008;LLIURE;12;J. GRAU;1.160
2008;LLIURE;13;HERN�NDEZ;1.140
2008;LLIURE;14;J. FERN�NDEZ;1.090
2008;LLIURE;15;J. SELGAS;1.060
2008;LLIURE;16;BARRIENTOS;1.030
2008;LLIURE;17;J.M. VIAPLANA;1.340
2008;LLIURE;18;J. GRI��;1.220
2008;LLIURE;19;RODR�GUEZ;1.100
2008;LLIURE;20;M. GIMENO;0.870
2008;LLIURE;21;P. SERRA;1.010
2008;LLIURE;22;NOGUER;0.900
2008;LLIURE;23;J. CABR�;0.870
2008;LLIURE;24;J. VALL�S;0.780
2008;LLIURE;25;SU�E;0.760
2008;LLIURE;26;QUEVEDO;0.650
2008;LLIURE;27;J. MONTERO;0.640
2008;LLIURE;28;A. MART�;0.480
2009;LLIURE;1;DURAN;2.329
2009;LLIURE;2;J. ROVIROSA;1.850
2009;LLIURE;3;J. GELABERT;1.830
2009;LLIURE;4;J. SELGA;1.678
2009;LLIURE;5;C. VIDAL;1.449
2009;LLIURE;6;A. CASTILLO;1.432
2009;LLIURE;7;RODR�GUEZ;1.248
2009;LLIURE;8;L. GONZ�LEZ;1.177
2009;LLIURE;9;R. COLOM;1.151
2009;LLIURE;10;BARRIENTOS;1.143
2009;LLIURE;11;M. PALAU;1.129
2009;LLIURE;12;V. INOCENTES;1.114
2009;LLIURE;13;TARES;1.051
2009;LLIURE;14;J. GRAU;1.014
2009;LLIURE;15;J.M. VIAPLANA;1.010
2009;LLIURE;16;J. GRI��;1.000
2009;LLIURE;17;HERN�NDEZ;0.963
2009;LLIURE;18;J. SELGAS;0.949
2009;LLIURE;19;J. CABR�;0.919
2009;LLIURE;20;SOLANES;0.854
2009;LLIURE;21;M. GIMENO;0.803
2009;LLIURE;22;J. ARMENGOL;0.736
2009;LLIURE;23;J. VALL�S;0.693
2009;LLIURE;24;NOGUER;0.687
2009;LLIURE;25;J. MONTERO;0.683
2009;LLIURE;26;A. MART�NEZ;0.627
2009;LLIURE;27;J. CARRASCO;0.623
2009;LLIURE;28;A. MART�;0.420
2011;LLIURE;1;J. ROVIROSA;1.859
2011;LLIURE;2;J. GELABERT;1.771
2011;LLIURE;3;E. LE�N;1.564
2011;LLIURE;4;R. GRAU;1.559
2011;LLIURE;5;L. GONZ�LEZ;1.363
2011;LLIURE;6;J. HERN�NDEZ;1.333
2011;LLIURE;7;J. SELGA;1.301
2011;LLIURE;8;G. GIM�NEZ;1.301
2011;LLIURE;9;J. SELGAS;1.254
2011;LLIURE;10;A. ALUJA;1.222
2011;LLIURE;11;P. SERRA;1.198
2011;LLIURE;12;M. PALAU;1.197
2011;LLIURE;13;R. JARQUE;1.181
2011;LLIURE;14;L. GONZ�LEZ;1.174
2011;LLIURE;15;M. PAMPLONA;1.105
2011;LLIURE;16;R. COLOM;1.085
2011;LLIURE;17;J.M. RODR�GUEZ;1.063
2011;LLIURE;18;A. MART�NEZ;1.059
2011;LLIURE;19;J.M. VIAPLANA;1.031
2011;LLIURE;20;J. GRI��;1.000
2011;LLIURE;21;J. FERN�NDEZ;0.868
2011;LLIURE;22;J.M. SOMS;0.864
2011;LLIURE;23;F. TAR�S;0.818
2011;LLIURE;24;J. MIR;0.796
2011;LLIURE;25;M. ALMIRALL;0.793
2011;LLIURE;26;V. INOCENTES;0.783
2011;LLIURE;27;M. PRAT;0.775
2011;LLIURE;28;M.L. MALLACH;0.752
2011;LLIURE;29;M. GIMENO;0.731
2011;LLIURE;30;J. CABR�;0.721
2011;LLIURE;31;F. G�MEZ;0.693
2011;LLIURE;32;J. CARRASCO;0.659
2011;LLIURE;33;P. BALLESTER;0.649
2011;LLIURE;34;J. VALL�S;0.424
2011;LLIURE;35;A. MART�;0.322
2012;LLIURE;1;J. SELGA;1.726
2012;LLIURE;2;J. GELABERT;1.515
2012;LLIURE;3;E. LE�N;1.459
2012;LLIURE;4;A. CASTILLO;1.322
2012;LLIURE;5;R. COLOM;1.259
2012;LLIURE;6;A. PORTA;1.190
2012;LLIURE;7;J. HERN�NDEZ;1.188
2012;LLIURE;8;J. SELGAS;1.014
2012;LLIURE;9;E. GIR�;0.975
2012;LLIURE;10;L. GONZ�LEZ;0.964
2012;LLIURE;11;J.M. VIAPLANA;0.942
2012;LLIURE;12;M. PAMPLONA;0.903
2012;LLIURE;13;J.M. SOMS;0.903
2012;LLIURE;14;A. MART�NEZ;0.884
2012;LLIURE;15;R. JARQUE;0.863
2012;LLIURE;16;P. SERRA;0.853
2012;LLIURE;17;F. G�MEZ;0.826
2012;LLIURE;18;J. CABR�;0.763
2012;LLIURE;19;F. BARCIA;0.736
2012;LLIURE;20;M. PRAT;0.722
2012;LLIURE;21;J. MIR;0.709
2012;LLIURE;22;J. CARRASCO;0.610
2012;LLIURE;23;F. TAR�S;0.600
2012;LLIURE;24;J. ORTIZ;0.252
2013;LLIURE;1;J.F. SANTOS;2.013
2013;LLIURE;2;J. SELGA;1.845
2013;LLIURE;3;J. GELABERT;1.699
2013;LLIURE;4;E. LE�N;1.557
2013;LLIURE;5;J. COMAS;1.417
2013;LLIURE;6;J. SELGAS;1.366
2013;LLIURE;7;A. CASTILLO;1.296
2013;LLIURE;8;R. GRAU;1.188
2013;LLIURE;9;A. PORTA;1.163
2013;LLIURE;10;P. CASANOVA;1.163
2013;LLIURE;11;M. PAMPLONA;1.093
2013;LLIURE;12;J. HERN�NDEZ;1.073
2013;LLIURE;13;X. FINA;1.034
2013;LLIURE;14;P. SERRA;1.010
2013;LLIURE;15;A. MART�NEZ;0.942
2013;LLIURE;16;J. FERN�NDEZ;0.888
2013;LLIURE;17;J.M. SOMS;0.862
2013;LLIURE;18;V. INOCENTES;0.806
2013;LLIURE;19;F. TAR�S;0.800
2013;LLIURE;20;F. BARCIA;0.798
2013;LLIURE;21;J. CABR�;0.759
2013;LLIURE;22;R. JARQUE;0.746
2013;LLIURE;23;J. CARRASCO;0.744
2013;LLIURE;24;J.M. VIAPLANA;0.699
2013;LLIURE;25;M. BRUQUETAS;0.568
2013;LLIURE;26;S. BARRIS;0.550
2013;LLIURE;27;M. EBR�;0.541
2013;LLIURE;28;J. ARMENGOL;0.523
2013;LLIURE;29;J.M. VIAPLANA;0.497
2013;LLIURE;30;P. BALLESTER;0.446
2013;LLIURE;31;J. MONTERO;0.443
2014;LLIURE;1;J.F. SANTOS;2.125
2014;LLIURE;2;V. HAMMER;2.117
2014;LLIURE;3;A. BERMEJO;2.092
2014;LLIURE;4;E. LE�N;1.707
2014;LLIURE;5;J. GELABERT;1.556
2014;LLIURE;6;J. COMAS;1.501
2014;LLIURE;7;E. LUENGO;1.415
2014;LLIURE;8;X. FINA;1.189
2014;LLIURE;9;M. PAMPLONA;1.185
2014;LLIURE;10;A. CAMPILLO;1.178
2014;LLIURE;11;A. CASTILLO;1.160
2014;LLIURE;12;J. HERN�NDEZ;1.156
2014;LLIURE;13;P. CASANOVA;1.153
2014;LLIURE;14;E. RODR�GUEZ;1.127
2014;LLIURE;15;J.M. RODR�GUEZ;1.119
2014;LLIURE;16;L. GONZ�LEZ;1.103
2014;LLIURE;17;I. L�PEZ;1.099
2014;LLIURE;18;J. SELGAS;1.097
2014;LLIURE;19;J.M. SOMS;0.910
2014;LLIURE;20;J. FERN�NDEZ;0.888
2014;LLIURE;21;J. CARRASCO;0.779
2014;LLIURE;22;R. JARQUE;0.754
2014;LLIURE;23;J.M. VIAPLANA;0.716
2014;LLIURE;24;V. INOCENTES;0.715
2014;LLIURE;25;M. EBR�;0.701
2014;LLIURE;26;J.M. VIAPLANA;0.692
2014;LLIURE;27;A. MART�NEZ;0.676
2014;LLIURE;28;S. MAR�N;0.648
2014;LLIURE;29;J. ARMENGOL;0.596
2014;LLIURE;30;J. MIR;0.593
2014;LLIURE;31;M. QUEROL;0.511
2014;LLIURE;32;R. BUR�S;0.359
2022;LLIURE;1;J.F. SANTOS;1.941
2022;LLIURE;2;I. HERN�NDEZ;1.545
2022;LLIURE;3;J. COMAS;1.526
2022;LLIURE;4;A. MELGAREJO;1.312
2022;LLIURE;5;I. L�PEZ;1.296
2022;LLIURE;6;A. BOIX;1.236
2022;LLIURE;7;P. CASANOVA;1.227
2022;LLIURE;8;R. CERVANTES;1.224
2022;LLIURE;9;R. MORENO;1.195
2022;LLIURE;10;M. S�NCHEZ;1.087
2022;LLIURE;11;A. TRILLO;1.019
2022;LLIURE;12;J.L. ARROYO;0.905
2022;LLIURE;13;P. �LVAREZ;0.902
2022;LLIURE;14;J. RODR�GUEZ;0.869
2022;LLIURE;15;M. PAMPLONA;0.838
2022;LLIURE;16;J. GIBERNAU;0.770
2022;LLIURE;17;E. D�AZ;0.743
2022;LLIURE;18;E. CURC�;0.723
2022;LLIURE;19;J. FIT�;0.707
2022;LLIURE;20;J. IB��EZ;0.639
2022;LLIURE;21;R. POLLS;0.636
2022;LLIURE;22;D. CORBAL�N;0.632
2022;LLIURE;23;P. FERR�S;0.615
2022;LLIURE;24;A. DEL R�O;0.614
2022;LLIURE;25;R. MERCADER;0.603
2022;LLIURE;26;J. CABR�;0.590
2022;LLIURE;27;F. LEDO;0.578
2022;LLIURE;28;J. CARRASCO;0.537
2022;LLIURE;29;J.A. SAUCEDO;0.518
2022;LLIURE;30;J. VALL�S;0.503
2022;LLIURE;31;E. MILL�N;0.498
2022;LLIURE;32;F. VERDUGO;0.485
2022;LLIURE;33;R. JARQUE;0.443
2022;LLIURE;34;J.M. CASAMOR;0.423
2022;LLIURE;35;M. QUEROL;0.400
2022;LLIURE;36;M. MANZANO;0.389
2022;LLIURE;37;J. ORTIZ;0.352
2023;LLIURE;1;J.F. SANTOS;2.007
2023;LLIURE;2;E. LE�N;1.648
2023;LLIURE;3;R. CERVANTES;1.370
2023;LLIURE;4;P. RUIZ;1.349
2023;LLIURE;5;R. MORENO;1.271
2023;LLIURE;6;J. COMAS;1.245
2023;LLIURE;7;P. CASANOVA;1.239
2023;LLIURE;8;P. �LVAREZ;1.214
2023;LLIURE;9;A. BOIX;1.190
2023;LLIURE;10;A. TRILLO;1.100
2023;LLIURE;11;J.L. ARROYO;0.982
2023;LLIURE;12;E. D�AZ;0.943
2023;LLIURE;13;P. �LVAREZ;0.931
2023;LLIURE;14;J. HERN�NDEZ;0.888
2023;LLIURE;15;E. CURC�;0.796
2023;LLIURE;16;M. S�NCHEZ;0.780
2023;LLIURE;17;M. PAMPLONA;0.779
2023;LLIURE;18;J. FIT�;0.775
2023;LLIURE;19;F. LEDO;0.752
2023;LLIURE;20;J. GIBERNAU;0.737
2023;LLIURE;21;J.A. SAUCEDO;0.688
2023;LLIURE;22;R. MERCADER;0.681
2023;LLIURE;23;R. POLLS;0.675
2023;LLIURE;24;J. ROYES;0.657
2023;LLIURE;25;J. IB��EZ;0.647
2023;LLIURE;26;R. SOTO;0.619
2023;LLIURE;27;E. MILL�N;0.587
2023;LLIURE;28;A. MEDINA;0.578
2023;LLIURE;29;M. MANZANO;0.564
2023;LLIURE;30;J. VALL�S;0.492
2023;LLIURE;31;E. ROYES;0.490
2023;LLIURE;32;J. CARRASCO;0.479
2023;LLIURE;33;J.M. CASAMOR;0.432
2023;LLIURE;34;R. JARQUE;0.425
2023;LLIURE;35;J. ORTIZ;0.355
2024;LLIURE;1;J.F. SANTOS;2.285
2024;LLIURE;2;A. BERMEJO;1.897
2024;LLIURE;3;I. HERN�NDEZ;1.547
2024;LLIURE;4;J. COMAS;1.434
2024;LLIURE;5;R. MORENO;1.394
2024;LLIURE;6;R. CERVANTES;1.359
2024;LLIURE;7;A. BOIX;1.262
2024;LLIURE;8;A. G�MEZ;1.167
2024;LLIURE;9;E. D�AZ;1.077
2024;LLIURE;10;P. CASANOVA;1.029
2024;LLIURE;11;J.L. ROSER�;0.959
2024;LLIURE;12;M. S�NCHEZ;0.875
2024;LLIURE;13;J. GIBERNAU;0.798
2024;LLIURE;14;E. CURC�;0.782
2024;LLIURE;15;J.L. ARROYO;0.775
2024;LLIURE;16;J. FIT�;0.761
2024;LLIURE;17;R. POLLS;0.714
2024;LLIURE;18;J. IB��EZ;0.693
2024;LLIURE;19;A. MEDINA;0.638
2024;LLIURE;20;J.A. SAUCEDO;0.627
2024;LLIURE;21;R. MERCADER;0.602
2024;LLIURE;22;J. VALL�S;0.576
2024;LLIURE;23;R. JARQUE;0.569
2024;LLIURE;24;J. CARRASCO;0.548
2024;LLIURE;25;A. FERN�NDEZ;0.496
2024;LLIURE;26;E. MILL�N;0.488
2024;LLIURE;27;R. SOTO;0.471
2024;LLIURE;28;J.M. CASAMOR;0.469
2024;LLIURE;29;M. QUEROL;0.447
2024;LLIURE;30;F. VERDUGO;0.398
2024;LLIURE;31;E. ROYES;0.396
2024;LLIURE;32;J. ORTIZ;0.325
2025;LLIURE;1;L. CHUECOS;1.908
2025;LLIURE;2;A. BERMEJO;1.819
2025;LLIURE;3;J.F. SANTOS;1.736
2025;LLIURE;4;J. COMAS;1.517
2025;LLIURE;5;J. VILA;1.369
2025;LLIURE;6;A. G�MEZ;1.344
2025;LLIURE;7;J.M. CAMPOS;1.324
2025;LLIURE;8;R. CERVANTES;1.288
2025;LLIURE;9;R. MORENO;1.194
2025;LLIURE;10;P. �LVAREZ;1.177
2025;LLIURE;11;E. LUENGO;1.153
2025;LLIURE;12;P. CASANOVA;1.060
2025;LLIURE;13;E. D�AZ;0.928
2025;LLIURE;14;J. GIBERNAU;0.926
2025;LLIURE;15;J.L. ROSER�;0.921
2025;LLIURE;16;A. FUENTES;0.841
2025;LLIURE;17;J.L. ARROYO;0.794
2025;LLIURE;18;J. IB��EZ;0.772
2025;LLIURE;19;J. S�NCHEZ;0.761
2025;LLIURE;20;M. S�NCHEZ;0.755
2025;LLIURE;21;A. MEDINA;0.736
2025;LLIURE;22;E. GARC�A;0.735
2025;LLIURE;23;E. CURC�;0.712
2025;LLIURE;24;M. GONZALVO;0.704
2025;LLIURE;25;R. POLLS;0.703
2025;LLIURE;26;J. FIT�;0.682
2025;LLIURE;27;R. MERCADER;0.681
2025;LLIURE;28;R. SOTO;0.676
2025;LLIURE;29;J.A. SAUCEDO;0.674
2025;LLIURE;30;J. G�MEZ;0.668
2025;LLIURE;31;M. MANZANO;0.622
2025;LLIURE;32;E. MILL�N;0.609
2025;LLIURE;33;R. JARQUE;0.600
2025;LLIURE;34;P. FERR�S;0.586
2025;LLIURE;35;J. CARRASCO;0.534
2025;LLIURE;36;M. QUEROL;0.523
2025;LLIURE;37;S. MAR�N;0.504
2025;LLIURE;38;J. VALL�S;0.490
2025;LLIURE;39;A. MORA;0.468
2025;LLIURE;40;J.M. CASAMOR;0.417
2025;LLIURE;41;F. VERDUGO;0.414
2025;LLIURE;42;J. ORTIZ;0.375
2016;3 BANDES;1;J.F. SANTOS;0.463
2016;3 BANDES;2;E. LE�N;0.383
2016;3 BANDES;3;M. PAMPLONA;0.343
2016;3 BANDES;4;R. GRAU;0.34
2016;3 BANDES;5;J. GELABERT;0.326
2016;3 BANDES;6;R. CERVANTES;0.324
2016;3 BANDES;7;I. L�PEZ;0.323
2016;3 BANDES;8;E. RODR�GUEZ;0.315
2016;3 BANDES;9;A. CASTILLO;0.305
2016;3 BANDES;10;P. CASANOVA;0.288
2016;3 BANDES;11;J. COMAS;0.285
2016;3 BANDES;12;M. S�NCHEZ;0.276
2016;3 BANDES;13;G. GIM�NEZ;0.274
2016;3 BANDES;14;J.M. RODR�GUEZ;0.263
2016;3 BANDES;15;J.M. VAL;0.259
2016;3 BANDES;16;X. FINA;0.251
2016;3 BANDES;17;F. BARCIA;0.224
2016;3 BANDES;18;L. GONZ�LEZ;0.223
2016;3 BANDES;19;J. HERN�NDEZ;0.219
2016;3 BANDES;20;A. POMETTI;0.197
2016;3 BANDES;21;J. RODR�GUEZ;0.187
2016;3 BANDES;22;A. CAMPILLO;0.184
2016;3 BANDES;23;S. BARRIS;0.176
2016;3 BANDES;24;M. EBR�;0.168
2016;3 BANDES;25;A. MART�NEZ;0.164
2016;3 BANDES;26;A. DEL R�O;0.156
2016;3 BANDES;27;R. JARQUE;0.15
2016;3 BANDES;28;J. FIT�;0.15
2016;3 BANDES;29;S. MAR�N;0.14
2016;3 BANDES;30;J. CARRASCO;0.137
2016;3 BANDES;31;M. BRUQUETAS;0.112
2016;3 BANDES;32;M. QUEROL;0.09
2016;3 BANDES;33;R. BUR�S;0.069
2016;3 BANDES;34;J. ORTIZ;0.08
2017;3 BANDES;1;J. RODR�GUEZ;0.393
2017;3 BANDES;2;J. GELABERT;0.388
2017;3 BANDES;3;J.F. SANTOS;0.38
2017;3 BANDES;4;M. PAMPLONA;0.35
2017;3 BANDES;5;E. LE�N;0.334
2017;3 BANDES;6;I. L�PEZ;0.314
2017;3 BANDES;7;J. HERN�NDEZ;0.31
2017;3 BANDES;8;X. FINA;0.309
2017;3 BANDES;9;A. CASTILLO;0.295
2017;3 BANDES;10;R. CERVANTES;0.29
2017;3 BANDES;11;J.M. VAL;0.289
2017;3 BANDES;12;J.M. RODR�GUEZ;0.277
2017;3 BANDES;13;J. COMAS;0.273
2017;3 BANDES;14;J. SELGAS;0.273
2017;3 BANDES;15;M. S�NCHEZ;0.266
2017;3 BANDES;16;A. BOIX;0.255
2017;3 BANDES;17;P. SOLERGIBERT;0.244
2017;3 BANDES;18;G. GIM�NEZ;0.239
2017;3 BANDES;19;R. JARQUE;0.238
2017;3 BANDES;20;P. CASANOVA;0.235
2017;3 BANDES;21;J. LAHOZ;0.224
2017;3 BANDES;22;F. BARCIA;0.22
2017;3 BANDES;23;D. CORBAL�N;0.211
2017;3 BANDES;24;J. RODR�GUEZ;0.19
2017;3 BANDES;25;A. POMETTI;0.188
2017;3 BANDES;26;M. EBR�;0.182
2017;3 BANDES;27;F. TAR�S;0.159
2017;3 BANDES;28;J. FIT�;0.155
2017;3 BANDES;29;J. G�MEZ;0.15
2017;3 BANDES;30;A. DEL R�O;0.134
2017;3 BANDES;31;J. CARRASCO;0.126
2017;3 BANDES;32;P. FERR�S;0.122
2017;3 BANDES;33;ESCODA;0.118
2017;3 BANDES;34;J. VALL�S;0.092
2017;3 BANDES;35;M. QUEROL;0.09
2017;3 BANDES;36;R. BUR�S;0.05
2018;3 BANDES;1;E. LE�N;0.441
2018;3 BANDES;2;J.F. SANTOS;0.385
2018;3 BANDES;3;J. GELABERT;0.378
2018;3 BANDES;4;I. L�PEZ;0.358
2018;3 BANDES;5;R. CERVANTES;0.313
2018;3 BANDES;6;J. RODR�GUEZ;0.36
2018;3 BANDES;7;J. HERN�NDEZ;0.301
2018;3 BANDES;8;E. RODR�GUEZ;0.29
2018;3 BANDES;9;M. PAMPLONA;0.287
2018;3 BANDES;10;G. RASTROLLO;0.27
2018;3 BANDES;11;J.M. RODR�GUEZ;0.269
2018;3 BANDES;12;F. BARCIA;0.267
2018;3 BANDES;13;M. S�NCHEZ;0.261
2018;3 BANDES;14;A. CASTILLO;0.249
2018;3 BANDES;15;P. CASANOVA;0.248
2018;3 BANDES;16;J.M. VAL;0.246
2018;3 BANDES;17;E. LAHOZ;0.245
2018;3 BANDES;18;D. CORBAL�N;0.244
2018;3 BANDES;19;A. BOIX;0.233
2018;3 BANDES;20;J. RODR�GUEZ;0.228
2018;3 BANDES;21;G. GIM�NEZ;0.212
2018;3 BANDES;22;F. TORRECILLAS;0.194
2018;3 BANDES;23;M. EBR�;0.194
2018;3 BANDES;24;R. JARQUE;0.187
2018;3 BANDES;25;J.M. SOMS;0.185
2018;3 BANDES;26;J. FIT�;0.182
2018;3 BANDES;27;A. DEL R�O;0.18
2018;3 BANDES;28;P. SERRA;0.174
2018;3 BANDES;29;A. TRILLO;0.171
2018;3 BANDES;30;A. POMETTI;0.151
2018;3 BANDES;31;A. D�EZ;0.146
2018;3 BANDES;32;P. FERR�S;0.146
2018;3 BANDES;33;J. G�MEZ;0.137
2018;3 BANDES;34;R. POLLS;0.118
2018;3 BANDES;35;A. MART�NEZ;0.108
2018;3 BANDES;36;J. VALL�S;0.1
2018;3 BANDES;37;M. QUEROL;0.078
2018;3 BANDES;38;F. VERDUGO;0.073
2019;3 BANDES;1;E. LE�N;0.441
2019;3 BANDES;2;J.F. SANTOS;0.385
2019;3 BANDES;3;J. GELABERT;0.378
2019;3 BANDES;4;I. L�PEZ;0.358
2019;3 BANDES;5;R. CERVANTES;0.313
2019;3 BANDES;6;J. RODR�GUEZ;0.36
2019;3 BANDES;7;J. HERN�NDEZ;0.301
2019;3 BANDES;8;E. RODR�GUEZ;0.29
2019;3 BANDES;9;M. PAMPLONA;0.287
2019;3 BANDES;10;G. RASTROLLO;0.27
2019;3 BANDES;11;J.M. RODR�GUEZ;0.269
2019;3 BANDES;12;F. BARCIA;0.267
2019;3 BANDES;13;M. S�NCHEZ;0.261
2019;3 BANDES;14;A. CASTILLO;0.249
2019;3 BANDES;15;P. CASANOVA;0.248
2019;3 BANDES;16;J.M. VAL;0.246
2019;3 BANDES;17;E. LAHOZ;0.245
2019;3 BANDES;18;D. CORBAL�N;0.244
2019;3 BANDES;19;A. BOIX;0.233
2019;3 BANDES;20;J. RODR�GUEZ;0.228
2019;3 BANDES;21;G. GIM�NEZ;0.212
2019;3 BANDES;22;F. TORRECILLAS;0.194
2019;3 BANDES;23;M. EBR�;0.194
2019;3 BANDES;24;R. JARQUE;0.187
2019;3 BANDES;25;J.M. SOMS;0.185
2019;3 BANDES;26;J. FIT�;0.182
2019;3 BANDES;27;A. DEL R�O;0.18
2019;3 BANDES;28;P. SERRA;0.174
2019;3 BANDES;29;A. TRILLO;0.171
2019;3 BANDES;30;A. POMETTI;0.151
2019;3 BANDES;31;A. D�EZ;0.146
2019;3 BANDES;32;P. FERR�S;0.146
2019;3 BANDES;33;J. G�MEZ;0.137
2019;3 BANDES;34;R. POLLS;0.118
2019;3 BANDES;35;A. MART�NEZ;0.108
2019;3 BANDES;36;J. VALL�S;0.1
2019;3 BANDES;37;M. QUEROL;0.078
2019;3 BANDES;38;F. VERDUGO;0.073
2020;3 BANDES;1;E. LE�N;0.443
2020;3 BANDES;2;J.F. SANTOS;0.39
2020;3 BANDES;3;J. RODR�GUEZ;0.375
2020;3 BANDES;4;R. CERVANTES;0.357
2020;3 BANDES;5;I. L�PEZ;0.349
2020;3 BANDES;6;A. BOIX;0.339
2020;3 BANDES;7;X. FINA;0.331
2020;3 BANDES;8;J. COMAS;0.331
2020;3 BANDES;9;P. CASANOVA;0.324
2020;3 BANDES;10;I. HERN�NDEZ;0.309
2020;3 BANDES;11;J. HERN�NDEZ;0.305
2020;3 BANDES;12;P. SOLERGIBERT;0.301
2020;3 BANDES;13;J.M. VAL;0.288
2020;3 BANDES;14;M. PAMPLONA;0.286
2020;3 BANDES;15;J. GELABERT;0.278
2020;3 BANDES;16;M. �LVAREZ;0.275
2020;3 BANDES;17;M. S�NCHEZ;0.27
2020;3 BANDES;18;D. CORBAL�N;0.237
2020;3 BANDES;19;A. TRILLO;0.22
2020;3 BANDES;20;A. CASTILLO;0.21
2020;3 BANDES;21;G. GIM�NEZ;0.202
2020;3 BANDES;22;J. RODR�GUEZ;0.2
2020;3 BANDES;23;R. JARQUE;0.197
2020;3 BANDES;24;J. FIT�;0.196
2020;3 BANDES;25;J.M. SOMS;0.186
2020;3 BANDES;26;V. INOCENTES;0.182
2020;3 BANDES;27;P. FERR�S;0.18
2020;3 BANDES;28;M. EBR�;0.177
2020;3 BANDES;29;R. SOTO;0.169
2020;3 BANDES;30;M. QUEROL;0.121
2020;3 BANDES;31;R. POLLS;0.12
2020;3 BANDES;32;F. VERDUGO;0.115
2020;3 BANDES;33;J. VALL�S;0.092
2020;3 BANDES;34;J. ORTIZ;0.069
2021;3 BANDES;2;J.F. SANTOS;0.394
2021;3 BANDES;3;I. L�PEZ;0.37
2021;3 BANDES;4;A. BOIX;0.344
2021;3 BANDES;5;M. S�NCHEZ;0.339
2021;3 BANDES;6;J. RODR�GUEZ;0.334
2021;3 BANDES;7;M. PAMPLONA;0.329
2021;3 BANDES;8;L. GONZ�LEZ;0.323
2021;3 BANDES;9;D. CORBAL�N;0.28
2021;3 BANDES;10;P. CASANOVA;0.268
2021;3 BANDES;11;A. TRILLO;0.249
2021;3 BANDES;12;J. HERN�NDEZ;0.247
2021;3 BANDES;13;J. RODR�GUEZ;0.229
2021;3 BANDES;14;J. FIT�;0.205
2021;3 BANDES;15;J. GIBERNAU;0.199
2021;3 BANDES;16;J.L. ARROYO;0.19
2021;3 BANDES;17;A. DEL R�O;0.187
2021;3 BANDES;18;V. INOCENTES;0.178
2021;3 BANDES;19;R. MORENO;0.172
2021;3 BANDES;20;R. MERCADER;0.154
2021;3 BANDES;21;R. SOTO;0.144
2021;3 BANDES;22;E. CURC�;0.14
2021;3 BANDES;23;J. CARRASCO;0.139
2021;3 BANDES;24;J.A. SAUCEDO;0.131
2021;3 BANDES;25;R. JARQUE;0.12
2021;3 BANDES;26;R. POLLS;0.118
2021;3 BANDES;27;F. VERDUGO;0.111
2021;3 BANDES;28;E. LLORENTE;0.106
2021;3 BANDES;29;J. VALL�S;0.096
2021;3 BANDES;30;E. ROYES;0.087
2021;3 BANDES;31;M. MANZANO;0.083
2021;3 BANDES;32;M. QUEROL;0.081
2021;3 BANDES;33;J.M. CASAMOR;0.075
2021;3 BANDES;34;J. ORTIZ;0.063
2021;3 BANDES;1;R. CERVANTES;0.398
2022;3 BANDES;1;J.F. SANTOS;0.524
2022;3 BANDES;2;J. MU�OZ;0.460
2022;3 BANDES;3;L. GONZ�LEZ;0.338
2022;3 BANDES;4;A. BOIX;0.334
2022;3 BANDES;5;I. L�PEZ;0.323
2022;3 BANDES;6;R. CERVANTES;0.315
2022;3 BANDES;7;P. CASANOVA;0.283
2022;3 BANDES;8;A. TRILLO;0.282
2022;3 BANDES;9;J. RODR�GUEZ;0.275
2022;3 BANDES;10;J. COMAS;0.269
2022;3 BANDES;11;A. MELGAREJO;0.265
2022;3 BANDES;12;P. �LVAREZ;0.250
2022;3 BANDES;13;D. CORBAL�N;0.241
2022;3 BANDES;14;R. MORENO;0.230
2022;3 BANDES;15;E. D�AZ;0.200
2022;3 BANDES;16;J. RODR�GUEZ;0.193
2022;3 BANDES;17;J. VEZA;0.193
2022;3 BANDES;18;J. FIT�;0.183
2022;3 BANDES;19;V. INOCENTES;0.180
2022;3 BANDES;20;J.A. SAUCEDO;0.178
2022;3 BANDES;21;P. FERR�S;0.167
2022;3 BANDES;22;R. MERCADER;0.162
2022;3 BANDES;23;J.L. ARROYO;0.161
2022;3 BANDES;24;F. LEDO;0.150
2022;3 BANDES;25;J. IB��EZ;0.144
2022;3 BANDES;26;J. CARRASCO;0.137
2022;3 BANDES;27;R. SOTO;0.135
2022;3 BANDES;28;E. MILL�N;0.134
2022;3 BANDES;29;A. MORA;0.121
2022;3 BANDES;30;J.M. CASAMOR;0.120
2022;3 BANDES;31;R. POLLS;0.117
2022;3 BANDES;32;M. MANZANO;0.115
2022;3 BANDES;33;J. VALL�S;0.115
2022;3 BANDES;34;F. VERDUGO;0.099
2022;3 BANDES;35;M. QUEROL;0.096
2022;3 BANDES;36;J. ROYES;0.088
2022;3 BANDES;37;J. ORTIZ;0.083
2023;3 BANDES;1;J.F. SANTOS;0.486
2023;3 BANDES;2;E. LE�N;0.411
2023;3 BANDES;3;A. BOIX;0.330
2023;3 BANDES;4;A. MELGAREJO;0.316
2023;3 BANDES;5;R. CERVANTES;0.301
2023;3 BANDES;6;M. �LVAREZ;0.284
2023;3 BANDES;7;J. RODR�GUEZ;0.275
2023;3 BANDES;8;M. PAMPLONA;0.261
2023;3 BANDES;9;P. CASANOVA;0.260
2023;3 BANDES;10;I. L�PEZ;0.243
2023;3 BANDES;11;M. S�NCHEZ;0.226
2023;3 BANDES;12;R. MORENO;0.233
2023;3 BANDES;13;P. �LVAREZ;0.224
2023;3 BANDES;14;J. HERN�NDEZ;0.218
2023;3 BANDES;15;J. FIT�;0.209
2023;3 BANDES;16;E. D�AZ;0.209
2023;3 BANDES;17;J.L. ARROYO;0.186
2023;3 BANDES;18;J. VEZA;0.176
2023;3 BANDES;19;R. SOTO;0.176
2023;3 BANDES;20;J. GIBERNAU;0.170
2023;3 BANDES;21;R. MERCADER;0.167
2023;3 BANDES;22;J. IB��EZ;0.156
2023;3 BANDES;23;R. POLLS;0.155
2023;3 BANDES;24;E. MILL�N;0.149
2023;3 BANDES;25;E. CURC�;0.140
2023;3 BANDES;26;P. FERR�S;0.137
2023;3 BANDES;27;M. QUEROL;0.120
2023;3 BANDES;28;F. VERDUGO;0.117
2023;3 BANDES;29;R. JARQUE;0.116
2023;3 BANDES;30;J. CARRASCO;0.108
2023;3 BANDES;31;J.A. SAUCEDO;0.108
2023;3 BANDES;32;J. VALL�S;0.107
2023;3 BANDES;33;M. MANZANO;0.101
2023;3 BANDES;34;J.M. CASAMOR;0.097
2023;3 BANDES;35;E. ROYES;0.089
2023;3 BANDES;36;J. ORTIZ;0.063
2024;3 BANDES;1;A. G�MEZ;0.475
2024;3 BANDES;2;E. LE�N;0.424
2024;3 BANDES;3;J.F. SANTOS;0.420
2024;3 BANDES;4;J.M. CAMPOS;0.383
2024;3 BANDES;5;A. BOIX;0.349
2024;3 BANDES;6;J. RODR�GUEZ;0.342
2024;3 BANDES;7;R. CERVANTES;0.339
2024;3 BANDES;8;A. MELGAREJO;0.303
2024;3 BANDES;9;J. COMAS;0.283
2024;3 BANDES;10;P. �LVAREZ;0.271
2024;3 BANDES;11;M. S�NCHEZ;0.248
2024;3 BANDES;12;R. MERCADER;0.227
2024;3 BANDES;13;R. MORENO;0.226
2024;3 BANDES;14;P. CASANOVA;0.221
2024;3 BANDES;15;E. D�AZ;0.213
2024;3 BANDES;16;J. FIT�;0.202
2024;3 BANDES;17;J. VEZA;0.202
2024;3 BANDES;18;J.A. SAUCEDO;0.190
2024;3 BANDES;19;J. HERN�NDEZ;0.188
2024;3 BANDES;20;R. SOTO;0.186
2024;3 BANDES;21;A. MEDINA;0.176
2024;3 BANDES;22;E. CURC�;0.175
2024;3 BANDES;23;R. POLLS;0.172
2024;3 BANDES;24;J.L. ARROYO;0.160
2024;3 BANDES;25;M. QUEROL;0.141
2024;3 BANDES;26;R. JARQUE;0.141
2024;3 BANDES;27;E. MILL�N;0.135
2024;3 BANDES;28;J. CARRASCO;0.122
2024;3 BANDES;29;M. MANZANO;0.117
2024;3 BANDES;30;J.M. CASAMOR;0.108
2024;3 BANDES;31;F. VERDUGO;0.099
2024;3 BANDES;32;J. ORTIZ;0.091
2024;3 BANDES;33;J. VALL�S;0.088
2016;BANDA;1;J.F. SANTOS;1.155
2016;BANDA;2;J. GELABERT;1.111
2016;BANDA;3;E. LE�N;1.064
2016;BANDA;4;J. COMAS;0.996
2016;BANDA;5;I. L�PEZ;0.879
2016;BANDA;6;M. PAMPLONA;0.845
2016;BANDA;7;J. HERN�NDEZ;0.84
2016;BANDA;8;P. CASANOVA;0.803
2016;BANDA;9;M. S�NCHEZ;0.793
2016;BANDA;10;E. RODR�GUEZ;0.789
2016;BANDA;11;A. CASTILLO;0.763
2016;BANDA;12;J.M. RODR�GUEZ;0.749
2016;BANDA;13;R. CERVANTES;0.723
2016;BANDA;14;G. GIM�NEZ;0.703
2016;BANDA;15;F. TAR�S;0.653
2016;BANDA;16;A. BOIX;0.649
2016;BANDA;17;J.M. VAL;0.647
2016;BANDA;18;M. EBR�;0.62
2016;BANDA;19;F. BARCIA;0.586
2016;BANDA;20;P. SERRA;0.582
2016;BANDA;21;D. CORBAL�N;0.556
2016;BANDA;22;R. JARQUE;0.507
2016;BANDA;23;J. RODR�GUEZ;0.505
2016;BANDA;24;A. MART�NEZ;0.502
2016;BANDA;25;S. MAR�N;0.481
2016;BANDA;26;J. FIT�;0.456
2016;BANDA;27;S. BARRIS;0.454
2016;BANDA;28;J. CARRASCO;0.428
2016;BANDA;29;A. DEL R�O;0.42
2016;BANDA;30;J. G�MEZ;0.415
2016;BANDA;31;M. QUEROL;0.31
2016;BANDA;32;A. D�EZ;0.319
2016;BANDA;33;J. VALL�S;0.279
2016;BANDA;34;J. ORTIZ;0.212
2016;BANDA;34;R. BUR�S;0.208
2017;BANDA;1;J.F. SANTOS;1.265
2017;BANDA;2;A. BERMEJO;1.18
2017;BANDA;3;J. GELABERT;1.113
2017;BANDA;4;J. RODR�GUEZ;1.009
2017;BANDA;5;J. SELGA;0.901
2017;BANDA;6;M. S�NCHEZ;0.815
2017;BANDA;7;J. COMAS;0.793
2017;BANDA;8;M. PAMPLONA;0.783
2017;BANDA;9;J.M. RODR�GUEZ;0.768
2017;BANDA;10;P. CASANOVA;0.745
2017;BANDA;11;X. FINA;0.742
2017;BANDA;12;A. CASTILLO;0.72
2017;BANDA;13;I. L�PEZ;0.71
2017;BANDA;14;J.M. VAL;0.705
2017;BANDA;15;P. SOLERGIBERT;0.68
2017;BANDA;16;A. BOIX;0.673
2017;BANDA;17;R. CERVANTES;0.669
2017;BANDA;18;J.M. SOMS;0.662
2017;BANDA;19;D. CORBAL�N;0.636
2017;BANDA;20;J. SELGAS;0.611
2017;BANDA;21;G. GIM�NEZ;0.604
2017;BANDA;22;F. BARCIA;0.561
2017;BANDA;23;R. JARQUE;0.538
2017;BANDA;24;J.M. RODR�GUEZ;0.535
2017;BANDA;25;V. INOCENTES;0.531
2017;BANDA;26;M. EBR�;0.529
2017;BANDA;27;A. MART�NEZ;0.519
2017;BANDA;28;P. FERR�S;0.483
2017;BANDA;29;J. CABR�;0.463
2017;BANDA;30;J. G�MEZ;0.448
2017;BANDA;31;J. FIT�;0.443
2017;BANDA;32;J. CARRASCO;0.423
2017;BANDA;33;A. DEL R�O;0.412
2017;BANDA;34;A. D�EZ;0.404
2017;BANDA;35;S. BARRIS;0.398
2017;BANDA;36;A. POMETTI;0.392
2017;BANDA;37;J. MONTERO;0.344
2017;BANDA;38;J. VALL�S;0.331
2017;BANDA;39;M. QUEROL;0.275
2017;BANDA;40;J. ORTIZ;0.249
2017;BANDA;41;J. CIVIL;0.218
2017;BANDA;42;R. BUR�S;0.186
2018;BANDA;1;J.F. SANTOS;1.475
2018;BANDA;2;J.RODR�GUEZ;1.1
2018;BANDA;3;A. BERMEJO;1.094
2018;BANDA;4;E. LE�N;1.072
2018;BANDA;5;J. GELABERT;1.072
2018;BANDA;6;J.M. RODR�GUEZ;0.984
2018;BANDA;7;J. COMAS;0.94
2018;BANDA;8;J. SELGA;0.921
2018;BANDA;9;R. CERVANTES;0.835
2018;BANDA;10;I. L�PEZ;0.832
2018;BANDA;11;J. HERN�NDEZ;0.821
2018;BANDA;12;M. PAMPLONA;0.819
2018;BANDA;13;G. RASTROLLO;0.767
2018;BANDA;14;A. BOIX;0.742
2018;BANDA;15;P. CASANOVA;0.742
2018;BANDA;16;J. SELGAS;0.733
2018;BANDA;17;E. LAHOZ;0.681
2018;BANDA;18;G. GIM�NEZ;0.655
2018;BANDA;19;M. S�NCHEZ;0.644
2018;BANDA;20;J.M. VAL;0.64
2018;BANDA;21;F. BARCIA;0.615
2018;BANDA;22;A. CASTILLO;0.598
2018;BANDA;23;J. FIT�;0.574
2018;BANDA;24;M. EBR�;0.558
2018;BANDA;25;J. RODR�GUEZ;0.558
2018;BANDA;26;A. TRILLO;0.555
2018;BANDA;27;P. SERRA;0.541
2018;BANDA;28;R. PALLAR�S;0.523
2018;BANDA;29;JUAN  G�MEZ;0.502
2018;BANDA;30;R. JARQUE;0.501
2018;BANDA;31;A. MART�NEZ;0.478
2018;BANDA;32;J. G�MEZ;0.454
2018;BANDA;33;F. TAR�S;0.446
2018;BANDA;34;A. DEL R�O;0.431
2018;BANDA;35;P. FERR�S;0.428
2018;BANDA;36;J. CABR�;0.422
2018;BANDA;37;R. POLLS;0.415
2018;BANDA;38;J. CARRASCO;0.392
2018;BANDA;39;A. D�EZ;0.371
2018;BANDA;40;J.M. MUNTAN�;0.343
2018;BANDA;41;M. QUEROL;0.299
2018;BANDA;42;J. VALL�S;0.295
2018;BANDA;43;J. ORTIZ;0.244
2018;BANDA;44;R. BUR�S;0.124
2019;BANDA;1;J.F. SANTOS;1.165
2019;BANDA;2;A. BERMEJO;1.13
2019;BANDA;3;E. LE�N;1.078
2019;BANDA;4;J. GELABERT;1.006
2019;BANDA;5;I. HERN�NDEZ;0.987
2019;BANDA;6;J. COMAS;0.956
2019;BANDA;7;R. CERVANTES;0.916
2019;BANDA;8;I. L�PEZ;0.881
2019;BANDA;9;L. GONZ�LEZ;0.872
2019;BANDA;10;A. BOIX;0.858
2019;BANDA;11;J.M. RODR�GUEZ;0.826
2019;BANDA;12;A. TRILLO;0.818
2019;BANDA;13;M. S�NCHEZ;0.815
2019;BANDA;14;J. HERN�NDEZ;0.792
2019;BANDA;15;E. LAHOZ;0.777
2019;BANDA;16;G. RASTROLLO;0.719
2019;BANDA;17;X. FINA;0.717
2019;BANDA;18;F. BARCIA;0.713
2019;BANDA;19;P. CASANOVA;0.709
2019;BANDA;20;M. PAMPLONA;0.699
2019;BANDA;21;A. CASTILLO;0.658
2019;BANDA;22;J. RODR�GUEZ;0.655
2019;BANDA;23;J.M. SOMS;0.607
2019;BANDA;24;J. FIT�;0.576
2019;BANDA;25;J.M. VAL;0.562
2019;BANDA;26;M. EBR�;0.551
2019;BANDA;27;V. INOCENTES;0.547
2019;BANDA;28;D. CORBAL�N;0.524
2019;BANDA;29;R. PALLAR�S;0.501
2019;BANDA;30;F. TORRECILLAS;0.488
2019;BANDA;31;P. FERR�S;0.473
2019;BANDA;32;G. GIM�NEZ;0.456
2019;BANDA;33;R. POLLS;0.455
2019;BANDA;34;J. IB��EZ;0.449
2019;BANDA;35;R. JARQUE;0.437
2019;BANDA;36;A. DEL R�O;0.422
2019;BANDA;37;J. CABR�;0.419
2019;BANDA;38;S. BASC�N;0.354
2019;BANDA;39;M. QUEROL;0.345
2019;BANDA;40;R. SOTO;0.323
2019;BANDA;41;A. D�EZ;0.299
2019;BANDA;42;F. VERDUGO;0.298
2019;BANDA;43;J. VALL�S;0.281
2019;BANDA;44;J. ORTIZ;0.241
2020;BANDA;1;J.F. SANTOS;1.165
2020;BANDA;2;A. BERMEJO;1.13
2020;BANDA;3;E. LE�N;1.078
2020;BANDA;4;J. GELABERT;1.006
2020;BANDA;5;I. HERN�NDEZ;0.987
2020;BANDA;6;J. COMAS;0.956
2020;BANDA;7;R. CERVANTES;0.916
2020;BANDA;8;I. L�PEZ;0.881
2020;BANDA;9;L. GONZ�LEZ;0.872
2020;BANDA;10;A. BOIX;0.858
2020;BANDA;11;J.M. RODR�GUEZ;0.826
2020;BANDA;12;A. TRILLO;0.818
2020;BANDA;13;M. S�NCHEZ;0.815
2020;BANDA;14;J. HERN�NDEZ;0.792
2020;BANDA;15;E. LAHOZ;0.777
2020;BANDA;16;G. RASTROLLO;0.719
2020;BANDA;17;X. FINA;0.717
2020;BANDA;18;F. BARCIA;0.713
2020;BANDA;19;P. CASANOVA;0.709
2020;BANDA;20;M. PAMPLONA;0.699
2020;BANDA;21;A. CASTILLO;0.658
2020;BANDA;22;J. RODR�GUEZ;0.655
2020;BANDA;23;J.M. SOMS;0.607
2020;BANDA;24;J. FIT�;0.576
2020;BANDA;25;J.M. VAL;0.562
2020;BANDA;26;M. EBR�;0.551
2020;BANDA;27;V. INOCENTES;0.547
2020;BANDA;28;D. CORBAL�N;0.524
2020;BANDA;29;R. PALLAR�S;0.501
2020;BANDA;30;F. TORRECILLAS;0.488
2020;BANDA;31;P. FERR�S;0.473
2020;BANDA;32;G. GIM�NEZ;0.456
2020;BANDA;33;R. POLLS;0.455
2020;BANDA;34;J. IB��EZ;0.449
2020;BANDA;35;R. JARQUE;0.437
2020;BANDA;36;A. DEL R�O;0.422
2020;BANDA;37;J. CABR�;0.419
2020;BANDA;38;S. BASC�N;0.354
2020;BANDA;39;M. QUEROL;0.345
2020;BANDA;40;R. SOTO;0.323
2020;BANDA;41;A. D�EZ;0.299
2020;BANDA;42;F. VERDUGO;0.298
2020;BANDA;43;J. VALL�S;0.281
2020;BANDA;44;J. ORTIZ;0.241
2016;LLIURE;1;A. BERMEJO;2.162
2016;LLIURE;2;J.F. SANTOS;1.89
2016;LLIURE;3;J. GELABERT;1.667
2016;LLIURE;4;J. COMAS;1.559
2016;LLIURE;5;R. CERVANTES;1.187
2016;LLIURE;6;J.M. RODR�GUEZ;1.153
2016;LLIURE;7;M. PAMPLONA;1.144
2016;LLIURE;8;A. CASTILLO;1.138
2016;LLIURE;9;J. HERN�NDEZ;1.125
2016;LLIURE;10;I. L�PEZ;1.115
2016;LLIURE;11;M. S�NCHEZ;1.112
2016;LLIURE;12;P. CASANOVA;1.095
2016;LLIURE;13;G. GIM�NEZ;1.005
2016;LLIURE;14;F. TAR�S;0.929
2016;LLIURE;15;J.M. VAL;0.929
2016;LLIURE;16;D. CORBAL�N;0.918
2016;LLIURE;17;M. EBR�;0.848
2016;LLIURE;18;F. BARCIA;0.825
2016;LLIURE;19;A. MART�NEZ;0.798
2016;LLIURE;20;J. FIT�;0.783
2016;LLIURE;21;J. RODR�GUEZ;0.776
2016;LLIURE;22;R. JARQUE;0.732
2016;LLIURE;23;J.M. SOMS;0.728
2016;LLIURE;24;S. MAR�N;0.655
2016;LLIURE;25;S. BARRIS;0.613
2016;LLIURE;26;J. CARRASCO;0.522
2016;LLIURE;27;A. DEL R�O;0.477
2016;LLIURE;28;A. D�EZ;0.428
2016;LLIURE;29;M. QUEROL;0.405
2016;LLIURE;30;J. ORTIZ;0.293
2017;LLIURE;1;A. BERMEJO;2.269
2017;LLIURE;2;J.F. SANTOS;2.106
2017;LLIURE;3;E. LE�N;1.484
2017;LLIURE;4;J. COMAS;1.439
2017;LLIURE;5;J. GELABERT;1.425
2017;LLIURE;6;P. CASANOVA;1.264
2017;LLIURE;7;A. BOIX;1.175
2017;LLIURE;8;M. S�NCHEZ;1.124
2017;LLIURE;9;J.M. VAL;1.124
2017;LLIURE;10;R. CERVANTES;1.117
2017;LLIURE;11;J.M. RODR�GUEZ;1.083
2017;LLIURE;12;J. SELGAS;1.024
2017;LLIURE;13;A. CASTILLO;1.005
2017;LLIURE;14;M. PAMPLONA;1.003
2017;LLIURE;15;J.M. SOMS;0.85
2017;LLIURE;16;D. CORBAL�N;0.828
2017;LLIURE;17;J. RODR�GUEZ;0.809
2017;LLIURE;18;A. MART�NEZ;0.773
2017;LLIURE;19;J. FIT�;0.736
2017;LLIURE;20;P. FERR�S;0.728
2017;LLIURE;21;R. JARQUE;0.686
2017;LLIURE;22;J. G�MEZ;0.643
2017;LLIURE;23;V. INOCENTES;0.625
2017;LLIURE;24;J. CARRASCO;0.619
2017;LLIURE;25;A. DEL R�O;0.614
2017;LLIURE;26;J. CABR�;0.559
2017;LLIURE;27;M. QUEROL;0.49
2017;LLIURE;28;J. MONTERO;0.447
2017;LLIURE;29;J.M. MUNTAN�;0.498
2017;LLIURE;30;J. VALL�S;0.446
2017;LLIURE;31;J. ORTIZ;0.426
2017;LLIURE;32;DOM�NECH;0.386
2017;LLIURE;33;A. D�EZ;0.386
2017;LLIURE;34;J. CIVIL;0.307
2017;LLIURE;35;R. BUR�S;0.28
2018;LLIURE;1;A. BERMEJO;2.47
2018;LLIURE;2;O. RAM�REZ;2.266
2018;LLIURE;3;J.F. SANTOS;1.952
2018;LLIURE;4;E. LE�N;1.782
2018;LLIURE;5;J. RODR�GUEZ;1.394
2018;LLIURE;6;J.M. RODR�GUEZ;1.334
2018;LLIURE;7;I. L�PEZ;1.224
2018;LLIURE;8;R. CERVANTES;1.198
2018;LLIURE;9;A. BOIX;1.144
2018;LLIURE;10;M. S�NCHEZ;1.142
2018;LLIURE;11;X. FINA;1.113
2018;LLIURE;12;P. CASANOVA;1.106
2018;LLIURE;13;J. SELGAS;1.051
2018;LLIURE;14;J.M. VAL;1.008
2018;LLIURE;15;J. HERN�NDEZ;0.991
2018;LLIURE;16;G. GIM�NEZ;0.968
2018;LLIURE;17;A. CASTILLO;0.944
2018;LLIURE;18;M. PAMPLONA;0.929
2018;LLIURE;19;A. TRILLO;0.919
2018;LLIURE;20;E. LAHOZ;0.906
2018;LLIURE;21;P. FERR�S;0.834
2018;LLIURE;22;F. BARCIA;0.832
2018;LLIURE;23;P. SERRA;0.806
2018;LLIURE;24;J.M. SOMS;0.801
2018;LLIURE;25;J. FIT�;0.772
2018;LLIURE;26;M. EBR�;0.759
2018;LLIURE;27;F. TAR�S;0.73
2018;LLIURE;28;F. TORRECILLAS;0.66
2018;LLIURE;29;R. PALLAR�S;0.656
2018;LLIURE;30;R. JARQUE;0.641
2018;LLIURE;31;J. G�MEZ;0.639
2018;LLIURE;32;R. POLLS;0.637
2018;LLIURE;33;A. DEL R�O;0.621
2018;LLIURE;34;J. CABR�;0.621
2018;LLIURE;35;J.M. MUNTAN�;0.542
2018;LLIURE;36;A. D�EZ;0.513
2018;LLIURE;37;J. VALL�S;0.488
2018;LLIURE;38;F. VERDUGO;0.445
2018;LLIURE;39;J. MONTERO;0.437
2018;LLIURE;40;M. QUEROL;0.408
2018;LLIURE;41;J. ORTIZ;0.406
2019;LLIURE;1;A. BERMEJO;2.802
2019;LLIURE;2;J.F. SANTOS;1.864
2019;LLIURE;3;E. LE�N;1.505
2019;LLIURE;4;J. GELABERT;1.388
2019;LLIURE;5;J. COMAS;1.351
2019;LLIURE;6;J. RODR�GUEZ;1.252
2019;LLIURE;7;R. CERVANTES;1.194
2019;LLIURE;8;J.M. RODR�GUEZ;1.15
2019;LLIURE;9;J. HERN�NDEZ;1.143
2019;LLIURE;10;P. CASANOVA;1.126
2019;LLIURE;11;E. LAHOZ;1.095
2019;LLIURE;12;J.M. VAL;1.073
2019;LLIURE;13;M. S�NCHEZ;1.04
2019;LLIURE;14;A. BOIX;1.023
2019;LLIURE;15;A. TRILLO;0.972
2019;LLIURE;16;M. PAMPLONA;0.877
2019;LLIURE;17;J. RODR�GUEZ;0.869
2019;LLIURE;18;J. FIT�;0.864
2019;LLIURE;19;J.M. SOMS;0.86
2019;LLIURE;20;D. CORBAL�N;0.839
2019;LLIURE;21;F. TORRECILLAS;0.834
2019;LLIURE;22;M. EBR�;0.832
2019;LLIURE;23;A. CASTILLO;0.828
2019;LLIURE;24;F. BARCIA;0.814
2019;LLIURE;25;G. GIM�NEZ;0.794
2019;LLIURE;26;V. INOCENTES;0.79
2019;LLIURE;27;R. PALLAR�S;0.738
2019;LLIURE;28;J. CABR�;0.723
2019;LLIURE;29;R. POLLS;0.701
2019;LLIURE;30;R. JARQUE;0.628
2019;LLIURE;31;A. DEL R�O;0.533
2019;LLIURE;32;J. VALL�S;0.469
2019;LLIURE;33;M. QUEROL;0.418
2019;LLIURE;34;S. BASC�N;0.417
2019;LLIURE;35;F. VERDUGO;0.417
2019;LLIURE;36;R. SOTO;0.409
2019;LLIURE;37;J. ORTIZ;0.315
2020;LLIURE;1;A. BERMEJO;2.802
2020;LLIURE;2;J.F. SANTOS;1.864
2020;LLIURE;3;E. LE�N;1.505
2020;LLIURE;4;J. GELABERT;1.388
2020;LLIURE;5;J. COMAS;1.351
2020;LLIURE;6;J. RODR�GUEZ;1.252
2020;LLIURE;7;R. CERVANTES;1.194
2020;LLIURE;8;J.M. RODR�GUEZ;1.15
2020;LLIURE;9;J. HERN�NDEZ;1.143
2020;LLIURE;10;P. CASANOVA;1.126
2020;LLIURE;11;E. LAHOZ;1.095
2020;LLIURE;12;J.M. VAL;1.073
2020;LLIURE;13;M. S�NCHEZ;1.04
2020;LLIURE;14;A. BOIX;1.023
2020;LLIURE;15;A. TRILLO;0.972
2020;LLIURE;16;M. PAMPLONA;0.877
2020;LLIURE;17;J. RODR�GUEZ;0.869
2020;LLIURE;18;J. FIT�;0.864
2020;LLIURE;19;J.M. SOMS;0.86
2020;LLIURE;20;D. CORBAL�N;0.839
2020;LLIURE;21;F. TORRECILLAS;0.834
2020;LLIURE;22;M. EBR�;0.832
2020;LLIURE;23;A. CASTILLO;0.828
2020;LLIURE;24;F. BARCIA;0.814
2020;LLIURE;25;G. GIM�NEZ;0.794
2020;LLIURE;26;V. INOCENTES;0.79
2020;LLIURE;27;R. PALLAR�S;0.738
2020;LLIURE;28;J. CABR�;0.723
2020;LLIURE;29;R. POLLS;0.701
2020;LLIURE;30;R. JARQUE;0.628
2020;LLIURE;31;A. DEL R�O;0.533
2020;LLIURE;32;J. VALL�S;0.469
2020;LLIURE;33;M. QUEROL;0.418
2020;LLIURE;34;S. BASC�N;0.417
2020;LLIURE;35;F. VERDUGO;0.417
2020;LLIURE;36;R. SOTO;0.409
2020;LLIURE;37;J. ORTIZ;0.315
2021;LLIURE;1;J.F. SANTOS;1.941
2021;LLIURE;2;I. HERN�NDEZ;1.545
2021;LLIURE;3;J. COMAS;1.526
2021;LLIURE;4;A. MELGAREJO;1.312
2021;LLIURE;5;I. L�PEZ;1.296
2021;LLIURE;6;A. BOIX;1.236
2021;LLIURE;7;P. CASANOVA;1.227
2021;LLIURE;8;R. CERVANTES;1.224
2021;LLIURE;9;R. MORENO;1.195
2021;LLIURE;10;M. S�NCHEZ;1.087
2021;LLIURE;11;A. TRILLO;1.019
2021;LLIURE;12;J.L. ARROYO;0.905
2021;LLIURE;13;P. �LVAREZ;0.902
2021;LLIURE;14;J. RODR�GUEZ;0.869
2021;LLIURE;15;M. PAMPLONA;0.838
2021;LLIURE;16;J. GIBERNAU;0.770
2021;LLIURE;17;E. D�AZ;0.743
2021;LLIURE;18;E. CURC�;0.723
2021;LLIURE;19;J. FIT�;0.707
2021;LLIURE;20;J. IB��EZ;0.639
2021;LLIURE;21;R. POLLS;0.636
2021;LLIURE;22;D. CORBAL�N;0.632
2021;LLIURE;23;P. FERR�S;0.615
2021;LLIURE;24;A. DEL R�O;0.614
2021;LLIURE;25;R. MERCADER;0.603
2021;LLIURE;26;J. CABR�;0.590
2021;LLIURE;27;F. LEDO;0.578
2021;LLIURE;28;J. CARRASCO;0.537
2021;LLIURE;29;J.A. SAUCEDO;0.518
2021;LLIURE;30;J. VALL�S;0.503
2021;LLIURE;31;E. MILL�N;0.498
2021;LLIURE;32;F. VERDUGO;0.485
2021;LLIURE;33;R. JARQUE;0.443
2021;LLIURE;34;J.M. CASAMOR;0.423
2021;LLIURE;35;M. QUEROL;0.400
2021;LLIURE;36;M. MANZANO;0.389
2021;LLIURE;37;J. ORTIZ;0.352
